model_type,run_id_prefix,lr,epochs,activation,entangler,n_qubits,k,n_vertex,n_layers,seed,run_id,mse_teste_normalizado,mse_teste_desnormalizado,num_params,training_time_sec,model_path,loss_history_path,final_total_loss,mean_last_100_loss
CQNN,cqnn_strong,0.002,15000,None,strong,4,2,5,1,1924,cqnn_strong_n_qubits_4_k_2_n_vertex_5_n_l_1_seed_1924,3.412839942029677e-05,0.6689167618751526,30,1139.7885415554047,experimentos_pinn/modelos_salvos/modelo_cqnn_strong_n_qubits_4_k_2_n_vertex_5_n_l_1_seed_1924.pth,experimentos_pinn/historicos_loss/loss_cqnn_strong_n_qubits_4_k_2_n_vertex_5_n_l_1_seed_1924.json,5.1475741202011704e-05,5.167180344869848e-05
CQNN,cqnn_strong,0.002,15000,None,strong,4,2,5,1,1925,cqnn_strong_n_qubits_4_k_2_n_vertex_5_n_l_1_seed_1925,2.7576919819694012e-05,0.5405076742172241,30,1087.7202954292297,experimentos_pinn/modelos_salvos/modelo_cqnn_strong_n_qubits_4_k_2_n_vertex_5_n_l_1_seed_1925.pth,experimentos_pinn/historicos_loss/loss_cqnn_strong_n_qubits_4_k_2_n_vertex_5_n_l_1_seed_1925.json,3.830001151072793e-05,3.9314303503488194e-05
CQNN,cqnn_strong,0.002,15000,None,strong,4,2,5,1,1926,cqnn_strong_n_qubits_4_k_2_n_vertex_5_n_l_1_seed_1926,7.362544238276314e-06,0.14430588483810425,30,1154.3458597660065,experimentos_pinn/modelos_salvos/modelo_cqnn_strong_n_qubits_4_k_2_n_vertex_5_n_l_1_seed_1926.pth,experimentos_pinn/historicos_loss/loss_cqnn_strong_n_qubits_4_k_2_n_vertex_5_n_l_1_seed_1926.json,8.390339644392952e-06,8.75334824741003e-06
CQNN,cqnn_strong,0.002,15000,None,strong,4,2,5,2,1924,cqnn_strong_n_qubits_4_k_2_n_vertex_5_n_l_2_seed_1924,1.3921902791480534e-05,0.2728693187236786,42,1481.2883431911469,experimentos_pinn/modelos_salvos/modelo_cqnn_strong_n_qubits_4_k_2_n_vertex_5_n_l_2_seed_1924.pth,experimentos_pinn/historicos_loss/loss_cqnn_strong_n_qubits_4_k_2_n_vertex_5_n_l_2_seed_1924.json,2.5604622351238504e-05,1.4411564252441168e-05
CQNN,cqnn_strong,0.002,15000,None,strong,4,2,5,2,1925,cqnn_strong_n_qubits_4_k_2_n_vertex_5_n_l_2_seed_1925,2.524471165088471e-05,0.4947963058948517,42,1483.0307216644287,experimentos_pinn/modelos_salvos/modelo_cqnn_strong_n_qubits_4_k_2_n_vertex_5_n_l_2_seed_1925.pth,experimentos_pinn/historicos_loss/loss_cqnn_strong_n_qubits_4_k_2_n_vertex_5_n_l_2_seed_1925.json,3.655866385088302e-05,3.7077578381286005e-05
CQNN,cqnn_strong,0.002,15000,None,strong,4,2,5,2,1926,cqnn_strong_n_qubits_4_k_2_n_vertex_5_n_l_2_seed_1926,1.0009825018642005e-05,0.19619254767894745,42,1487.1187992095947,experimentos_pinn/modelos_salvos/modelo_cqnn_strong_n_qubits_4_k_2_n_vertex_5_n_l_2_seed_1926.pth,experimentos_pinn/historicos_loss/loss_cqnn_strong_n_qubits_4_k_2_n_vertex_5_n_l_2_seed_1926.json,1.4334552361106034e-05,1.5218159905998618e-05
CQNN,cqnn_strong,0.002,15000,None,strong,4,2,5,3,1924,cqnn_strong_n_qubits_4_k_2_n_vertex_5_n_l_3_seed_1924,9.56642452365486e-06,0.187501922249794,54,1847.7223780155182,experimentos_pinn/modelos_salvos/modelo_cqnn_strong_n_qubits_4_k_2_n_vertex_5_n_l_3_seed_1924.pth,experimentos_pinn/historicos_loss/loss_cqnn_strong_n_qubits_4_k_2_n_vertex_5_n_l_3_seed_1924.json,1.6177760699065402e-05,1.1766610841732472e-05
CQNN,cqnn_strong,0.002,15000,None,strong,4,2,5,3,1925,cqnn_strong_n_qubits_4_k_2_n_vertex_5_n_l_3_seed_1925,1.0193161870120093e-05,0.199785977602005,54,1857.8076503276825,experimentos_pinn/modelos_salvos/modelo_cqnn_strong_n_qubits_4_k_2_n_vertex_5_n_l_3_seed_1925.pth,experimentos_pinn/historicos_loss/loss_cqnn_strong_n_qubits_4_k_2_n_vertex_5_n_l_3_seed_1925.json,1.3903268154535908e-05,1.7462776304455475e-05
CQNN,cqnn_strong,0.002,15000,None,strong,4,2,5,3,1926,cqnn_strong_n_qubits_4_k_2_n_vertex_5_n_l_3_seed_1926,2.783598938549403e-05,0.5455853939056396,54,1824.6623482704163,experimentos_pinn/modelos_salvos/modelo_cqnn_strong_n_qubits_4_k_2_n_vertex_5_n_l_3_seed_1926.pth,experimentos_pinn/historicos_loss/loss_cqnn_strong_n_qubits_4_k_2_n_vertex_5_n_l_3_seed_1926.json,4.491593790589832e-05,4.87555602012435e-05
CQNN,cqnn_strong,0.002,15000,None,strong,4,2,7,1,1924,cqnn_strong_n_qubits_4_k_2_n_vertex_7_n_l_1_seed_1924,3.168136390740983e-05,0.6209547519683838,32,1338.2276213169098,experimentos_pinn/modelos_salvos/modelo_cqnn_strong_n_qubits_4_k_2_n_vertex_7_n_l_1_seed_1924.pth,experimentos_pinn/historicos_loss/loss_cqnn_strong_n_qubits_4_k_2_n_vertex_7_n_l_1_seed_1924.json,4.499742863117717e-05,4.509174617851386e-05
CQNN,cqnn_strong,0.002,15000,None,strong,4,2,7,1,1925,cqnn_strong_n_qubits_4_k_2_n_vertex_7_n_l_1_seed_1925,1.0167986147280317e-05,0.19929257035255432,32,1344.261500120163,experimentos_pinn/modelos_salvos/modelo_cqnn_strong_n_qubits_4_k_2_n_vertex_7_n_l_1_seed_1925.pth,experimentos_pinn/historicos_loss/loss_cqnn_strong_n_qubits_4_k_2_n_vertex_7_n_l_1_seed_1925.json,1.765647357387934e-05,1.7830896431405564e-05
CQNN,cqnn_strong,0.002,15000,None,strong,4,2,7,1,1926,cqnn_strong_n_qubits_4_k_2_n_vertex_7_n_l_1_seed_1926,3.102726986980997e-05,0.6081344485282898,32,1341.22803068161,experimentos_pinn/modelos_salvos/modelo_cqnn_strong_n_qubits_4_k_2_n_vertex_7_n_l_1_seed_1926.pth,experimentos_pinn/historicos_loss/loss_cqnn_strong_n_qubits_4_k_2_n_vertex_7_n_l_1_seed_1926.json,4.5440217945724726e-05,4.7657607901783194e-05
CQNN,cqnn_strong,0.002,15000,None,strong,4,2,7,2,1924,cqnn_strong_n_qubits_4_k_2_n_vertex_7_n_l_2_seed_1924,9.191824574372731e-06,0.18015974760055542,44,1685.1840198040009,experimentos_pinn/modelos_salvos/modelo_cqnn_strong_n_qubits_4_k_2_n_vertex_7_n_l_2_seed_1924.pth,experimentos_pinn/historicos_loss/loss_cqnn_strong_n_qubits_4_k_2_n_vertex_7_n_l_2_seed_1924.json,1.2753716873703524e-05,1.2790334658348001e-05
CQNN,cqnn_strong,0.002,15000,None,strong,4,2,7,2,1925,cqnn_strong_n_qubits_4_k_2_n_vertex_7_n_l_2_seed_1925,1.9016069927602075e-05,0.37271490693092346,44,1683.7256591320038,experimentos_pinn/modelos_salvos/modelo_cqnn_strong_n_qubits_4_k_2_n_vertex_7_n_l_2_seed_1925.pth,experimentos_pinn/historicos_loss/loss_cqnn_strong_n_qubits_4_k_2_n_vertex_7_n_l_2_seed_1925.json,2.9199272830737755e-05,2.9393763434200082e-05
CQNN,cqnn_strong,0.002,15000,None,strong,4,2,7,2,1926,cqnn_strong_n_qubits_4_k_2_n_vertex_7_n_l_2_seed_1926,1.825218350859359e-05,0.3577427566051483,44,1682.8019375801086,experimentos_pinn/modelos_salvos/modelo_cqnn_strong_n_qubits_4_k_2_n_vertex_7_n_l_2_seed_1926.pth,experimentos_pinn/historicos_loss/loss_cqnn_strong_n_qubits_4_k_2_n_vertex_7_n_l_2_seed_1926.json,2.7549820515559986e-05,2.8716177912428975e-05
CQNN,cqnn_strong,0.002,15000,None,strong,4,2,7,3,1924,cqnn_strong_n_qubits_4_k_2_n_vertex_7_n_l_3_seed_1924,3.091630424023606e-05,0.6059595346450806,56,2019.664379119873,experimentos_pinn/modelos_salvos/modelo_cqnn_strong_n_qubits_4_k_2_n_vertex_7_n_l_3_seed_1924.pth,experimentos_pinn/historicos_loss/loss_cqnn_strong_n_qubits_4_k_2_n_vertex_7_n_l_3_seed_1924.json,4.502521551330574e-05,5.056714537204243e-05
CQNN,cqnn_strong,0.002,15000,None,strong,4,2,7,3,1925,cqnn_strong_n_qubits_4_k_2_n_vertex_7_n_l_3_seed_1925,1.2212241017550696e-05,0.23935993015766144,56,2017.8661453723907,experimentos_pinn/modelos_salvos/modelo_cqnn_strong_n_qubits_4_k_2_n_vertex_7_n_l_3_seed_1925.pth,experimentos_pinn/historicos_loss/loss_cqnn_strong_n_qubits_4_k_2_n_vertex_7_n_l_3_seed_1925.json,1.8040471331914887e-05,1.8075718853651778e-05
CQNN,cqnn_strong,0.002,15000,None,strong,4,2,7,3,1926,cqnn_strong_n_qubits_4_k_2_n_vertex_7_n_l_3_seed_1926,2.4280030629597604e-05,0.47588855028152466,56,2017.7927305698395,experimentos_pinn/modelos_salvos/modelo_cqnn_strong_n_qubits_4_k_2_n_vertex_7_n_l_3_seed_1926.pth,experimentos_pinn/historicos_loss/loss_cqnn_strong_n_qubits_4_k_2_n_vertex_7_n_l_3_seed_1926.json,3.505393397063017e-05,3.746490096091293e-05
CQNN,cqnn_strong,0.002,15000,None,strong,4,2,9,1,1924,cqnn_strong_n_qubits_4_k_2_n_vertex_9_n_l_1_seed_1924,2.5243278287234716e-05,0.4947682023048401,34,1792.1996521949768,experimentos_pinn/modelos_salvos/modelo_cqnn_strong_n_qubits_4_k_2_n_vertex_9_n_l_1_seed_1924.pth,experimentos_pinn/historicos_loss/loss_cqnn_strong_n_qubits_4_k_2_n_vertex_9_n_l_1_seed_1924.json,3.649944483186118e-05,3.7670937017537655e-05
CQNN,cqnn_strong,0.002,15000,None,strong,4,2,9,1,1925,cqnn_strong_n_qubits_4_k_2_n_vertex_9_n_l_1_seed_1925,1.9907440218958072e-05,0.3901858627796173,34,1801.8310253620148,experimentos_pinn/modelos_salvos/modelo_cqnn_strong_n_qubits_4_k_2_n_vertex_9_n_l_1_seed_1925.pth,experimentos_pinn/historicos_loss/loss_cqnn_strong_n_qubits_4_k_2_n_vertex_9_n_l_1_seed_1925.json,2.8464477509260178e-05,2.9664876201422885e-05
CQNN,cqnn_strong,0.002,15000,None,strong,4,2,9,1,1926,cqnn_strong_n_qubits_4_k_2_n_vertex_9_n_l_1_seed_1926,1.2544129276648164e-05,0.24586492776870728,34,1797.9195520877838,experimentos_pinn/modelos_salvos/modelo_cqnn_strong_n_qubits_4_k_2_n_vertex_9_n_l_1_seed_1926.pth,experimentos_pinn/historicos_loss/loss_cqnn_strong_n_qubits_4_k_2_n_vertex_9_n_l_1_seed_1926.json,1.9245451767346822e-05,2.1415229348349385e-05
CQNN,cqnn_strong,0.002,15000,None,strong,4,2,9,2,1924,cqnn_strong_n_qubits_4_k_2_n_vertex_9_n_l_2_seed_1924,7.758999345242046e-06,0.15207639336585999,46,2140.7892560958862,experimentos_pinn/modelos_salvos/modelo_cqnn_strong_n_qubits_4_k_2_n_vertex_9_n_l_2_seed_1924.pth,experimentos_pinn/historicos_loss/loss_cqnn_strong_n_qubits_4_k_2_n_vertex_9_n_l_2_seed_1924.json,9.78868320089532e-06,1.1014374704245711e-05
CQNN,cqnn_strong,0.002,15000,None,strong,4,2,9,2,1925,cqnn_strong_n_qubits_4_k_2_n_vertex_9_n_l_2_seed_1925,1.1300468031549826e-05,0.22148919105529785,46,2143.3628866672516,experimentos_pinn/modelos_salvos/modelo_cqnn_strong_n_qubits_4_k_2_n_vertex_9_n_l_2_seed_1925.pth,experimentos_pinn/historicos_loss/loss_cqnn_strong_n_qubits_4_k_2_n_vertex_9_n_l_2_seed_1925.json,1.8554337657405995e-05,2.096670854371041e-05
CQNN,cqnn_strong,0.002,15000,None,strong,4,2,9,2,1926,cqnn_strong_n_qubits_4_k_2_n_vertex_9_n_l_2_seed_1926,8.575378160458058e-06,0.16807739436626434,46,2145.099608182907,experimentos_pinn/modelos_salvos/modelo_cqnn_strong_n_qubits_4_k_2_n_vertex_9_n_l_2_seed_1926.pth,experimentos_pinn/historicos_loss/loss_cqnn_strong_n_qubits_4_k_2_n_vertex_9_n_l_2_seed_1926.json,1.1872827599290758e-05,1.6398481757278206e-05
CQNN,cqnn_strong,0.002,15000,None,strong,4,2,9,3,1924,cqnn_strong_n_qubits_4_k_2_n_vertex_9_n_l_3_seed_1924,2.1630638002534397e-05,0.42396047711372375,58,2472.0399928092957,experimentos_pinn/modelos_salvos/modelo_cqnn_strong_n_qubits_4_k_2_n_vertex_9_n_l_3_seed_1924.pth,experimentos_pinn/historicos_loss/loss_cqnn_strong_n_qubits_4_k_2_n_vertex_9_n_l_3_seed_1924.json,3.944920899812132e-05,3.702210218762048e-05
CQNN,cqnn_strong,0.002,15000,None,strong,4,2,9,3,1925,cqnn_strong_n_qubits_4_k_2_n_vertex_9_n_l_3_seed_1925,7.458362688339548e-06,0.14618390798568726,58,2471.882159471512,experimentos_pinn/modelos_salvos/modelo_cqnn_strong_n_qubits_4_k_2_n_vertex_9_n_l_3_seed_1925.pth,experimentos_pinn/historicos_loss/loss_cqnn_strong_n_qubits_4_k_2_n_vertex_9_n_l_3_seed_1925.json,9.095569112105295e-06,9.109560678552953e-06
CQNN,cqnn_strong,0.002,15000,None,strong,4,2,9,3,1926,cqnn_strong_n_qubits_4_k_2_n_vertex_9_n_l_3_seed_1926,1.1116268069599755e-05,0.21787884831428528,58,2469.5213737487793,experimentos_pinn/modelos_salvos/modelo_cqnn_strong_n_qubits_4_k_2_n_vertex_9_n_l_3_seed_1926.pth,experimentos_pinn/historicos_loss/loss_cqnn_strong_n_qubits_4_k_2_n_vertex_9_n_l_3_seed_1926.json,1.582454569870606e-05,1.5605680600856432e-05
CQNN,cqnn_strong,0.002,15000,None,strong,4,2,12,1,1924,cqnn_strong_n_qubits_4_k_2_n_vertex_12_n_l_1_seed_1924,1.4923593880666886e-05,0.29250240325927734,37,2487.6116559505463,experimentos_pinn/modelos_salvos/modelo_cqnn_strong_n_qubits_4_k_2_n_vertex_12_n_l_1_seed_1924.pth,experimentos_pinn/historicos_loss/loss_cqnn_strong_n_qubits_4_k_2_n_vertex_12_n_l_1_seed_1924.json,2.1428237232612446e-05,2.1665607437171275e-05
CQNN,cqnn_strong,0.002,15000,None,strong,4,2,12,1,1925,cqnn_strong_n_qubits_4_k_2_n_vertex_12_n_l_1_seed_1925,2.500212940503843e-05,0.49004170298576355,37,2488.710348844528,experimentos_pinn/modelos_salvos/modelo_cqnn_strong_n_qubits_4_k_2_n_vertex_12_n_l_1_seed_1925.pth,experimentos_pinn/historicos_loss/loss_cqnn_strong_n_qubits_4_k_2_n_vertex_12_n_l_1_seed_1925.json,3.3258922485401854e-05,2.5796187801461202e-05
CQNN,cqnn_strong,0.002,15000,None,strong,4,2,12,1,1926,cqnn_strong_n_qubits_4_k_2_n_vertex_12_n_l_1_seed_1926,9.3532980827149e-06,0.1833246350288391,37,2484.5296936035156,experimentos_pinn/modelos_salvos/modelo_cqnn_strong_n_qubits_4_k_2_n_vertex_12_n_l_1_seed_1926.pth,experimentos_pinn/historicos_loss/loss_cqnn_strong_n_qubits_4_k_2_n_vertex_12_n_l_1_seed_1926.json,1.2731155948131345e-05,1.2780267070411355e-05
CQNN,cqnn_strong,0.002,15000,None,strong,4,2,12,2,1924,cqnn_strong_n_qubits_4_k_2_n_vertex_12_n_l_2_seed_1924,7.224706223496469e-06,0.1416042149066925,49,2830.1918499469757,experimentos_pinn/modelos_salvos/modelo_cqnn_strong_n_qubits_4_k_2_n_vertex_12_n_l_2_seed_1924.pth,experimentos_pinn/historicos_loss/loss_cqnn_strong_n_qubits_4_k_2_n_vertex_12_n_l_2_seed_1924.json,9.117013178183697e-06,1.2684889497904805e-05
CQNN,cqnn_strong,0.002,15000,None,strong,4,2,12,2,1925,cqnn_strong_n_qubits_4_k_2_n_vertex_12_n_l_2_seed_1925,1.2930913726449944e-05,0.25344592332839966,49,2829.316859960556,experimentos_pinn/modelos_salvos/modelo_cqnn_strong_n_qubits_4_k_2_n_vertex_12_n_l_2_seed_1925.pth,experimentos_pinn/historicos_loss/loss_cqnn_strong_n_qubits_4_k_2_n_vertex_12_n_l_2_seed_1925.json,2.10297221201472e-05,2.1194781074882483e-05
CQNN,cqnn_strong,0.002,15000,None,strong,4,2,12,2,1926,cqnn_strong_n_qubits_4_k_2_n_vertex_12_n_l_2_seed_1926,6.502279120468302e-06,0.12744465470314026,49,2832.2771384716034,experimentos_pinn/modelos_salvos/modelo_cqnn_strong_n_qubits_4_k_2_n_vertex_12_n_l_2_seed_1926.pth,experimentos_pinn/historicos_loss/loss_cqnn_strong_n_qubits_4_k_2_n_vertex_12_n_l_2_seed_1926.json,1.0511919754208066e-05,8.232886921177851e-06
CQNN,cqnn_strong,0.002,15000,None,strong,4,2,12,3,1924,cqnn_strong_n_qubits_4_k_2_n_vertex_12_n_l_3_seed_1924,2.2324589735944755e-05,0.4375620186328888,61,3179.691327571869,experimentos_pinn/modelos_salvos/modelo_cqnn_strong_n_qubits_4_k_2_n_vertex_12_n_l_3_seed_1924.pth,experimentos_pinn/historicos_loss/loss_cqnn_strong_n_qubits_4_k_2_n_vertex_12_n_l_3_seed_1924.json,3.442296656430699e-05,3.395492443814874e-05
CQNN,cqnn_strong,0.002,15000,None,strong,4,2,12,3,1925,cqnn_strong_n_qubits_4_k_2_n_vertex_12_n_l_3_seed_1925,1.0194418791797943e-05,0.19981059432029724,61,3176.984081029892,experimentos_pinn/modelos_salvos/modelo_cqnn_strong_n_qubits_4_k_2_n_vertex_12_n_l_3_seed_1925.pth,experimentos_pinn/historicos_loss/loss_cqnn_strong_n_qubits_4_k_2_n_vertex_12_n_l_3_seed_1925.json,1.6438767488580197e-05,2.0812034490518274e-05
CQNN,cqnn_strong,0.002,15000,None,strong,4,2,12,3,1926,cqnn_strong_n_qubits_4_k_2_n_vertex_12_n_l_3_seed_1926,1.1264228305662982e-05,0.22077883780002594,61,3188.7449073791504,experimentos_pinn/modelos_salvos/modelo_cqnn_strong_n_qubits_4_k_2_n_vertex_12_n_l_3_seed_1926.pth,experimentos_pinn/historicos_loss/loss_cqnn_strong_n_qubits_4_k_2_n_vertex_12_n_l_3_seed_1926.json,1.5928573702694848e-05,1.7464880993429688e-05
CQNN,cqnn_strong,0.002,15000,None,strong,4,3,5,1,1924,cqnn_strong_n_qubits_4_k_3_n_vertex_5_n_l_1_seed_1924,3.5455315810395405e-05,0.6949240565299988,30,1289.006530046463,experimentos_pinn/modelos_salvos/modelo_cqnn_strong_n_qubits_4_k_3_n_vertex_5_n_l_1_seed_1924.pth,experimentos_pinn/historicos_loss/loss_cqnn_strong_n_qubits_4_k_3_n_vertex_5_n_l_1_seed_1924.json,6.701231905026361e-05,5.258630379103124e-05
CQNN,cqnn_strong,0.002,15000,None,strong,4,3,5,1,1925,cqnn_strong_n_qubits_4_k_3_n_vertex_5_n_l_1_seed_1925,6.122004560893402e-05,1.1999127864837646,30,1289.7896275520325,experimentos_pinn/modelos_salvos/modelo_cqnn_strong_n_qubits_4_k_3_n_vertex_5_n_l_1_seed_1925.pth,experimentos_pinn/historicos_loss/loss_cqnn_strong_n_qubits_4_k_3_n_vertex_5_n_l_1_seed_1925.json,8.444806735496968e-05,8.210709842387587e-05
CQNN,cqnn_strong,0.002,15000,None,strong,4,3,5,1,1926,cqnn_strong_n_qubits_4_k_3_n_vertex_5_n_l_1_seed_1926,5.4230786190601066e-05,1.0629234313964844,30,1284.8574538230896,experimentos_pinn/modelos_salvos/modelo_cqnn_strong_n_qubits_4_k_3_n_vertex_5_n_l_1_seed_1926.pth,experimentos_pinn/historicos_loss/loss_cqnn_strong_n_qubits_4_k_3_n_vertex_5_n_l_1_seed_1926.json,7.493348675779998e-05,7.546569941041525e-05
CQNN,cqnn_strong,0.002,15000,None,strong,4,3,5,2,1924,cqnn_strong_n_qubits_4_k_3_n_vertex_5_n_l_2_seed_1924,3.389447374502197e-05,0.6643317341804504,42,1640.8570930957794,experimentos_pinn/modelos_salvos/modelo_cqnn_strong_n_qubits_4_k_3_n_vertex_5_n_l_2_seed_1924.pth,experimentos_pinn/historicos_loss/loss_cqnn_strong_n_qubits_4_k_3_n_vertex_5_n_l_2_seed_1924.json,5.2353698265505955e-05,5.443761350761633e-05
CQNN,cqnn_strong,0.002,15000,None,strong,4,3,5,2,1925,cqnn_strong_n_qubits_4_k_3_n_vertex_5_n_l_2_seed_1925,2.3912587494123727e-05,0.4686867296695709,42,1646.6148698329926,experimentos_pinn/modelos_salvos/modelo_cqnn_strong_n_qubits_4_k_3_n_vertex_5_n_l_2_seed_1925.pth,experimentos_pinn/historicos_loss/loss_cqnn_strong_n_qubits_4_k_3_n_vertex_5_n_l_2_seed_1925.json,3.516637661959976e-05,3.737112030648859e-05
CQNN,cqnn_strong,0.002,15000,None,strong,4,3,5,2,1926,cqnn_strong_n_qubits_4_k_3_n_vertex_5_n_l_2_seed_1926,3.0502382287522778e-05,0.5978467464447021,42,1647.5765855312347,experimentos_pinn/modelos_salvos/modelo_cqnn_strong_n_qubits_4_k_3_n_vertex_5_n_l_2_seed_1926.pth,experimentos_pinn/historicos_loss/loss_cqnn_strong_n_qubits_4_k_3_n_vertex_5_n_l_2_seed_1926.json,4.741150405607186e-05,2.764001259492943e-05
CQNN,cqnn_strong,0.002,15000,None,strong,4,3,5,3,1924,cqnn_strong_n_qubits_4_k_3_n_vertex_5_n_l_3_seed_1924,1.1233571967750322e-05,0.2201780080795288,54,1977.9141926765442,experimentos_pinn/modelos_salvos/modelo_cqnn_strong_n_qubits_4_k_3_n_vertex_5_n_l_3_seed_1924.pth,experimentos_pinn/historicos_loss/loss_cqnn_strong_n_qubits_4_k_3_n_vertex_5_n_l_3_seed_1924.json,1.566629362059757e-05,1.5805575731064892e-05
CQNN,cqnn_strong,0.002,15000,None,strong,4,3,5,3,1925,cqnn_strong_n_qubits_4_k_3_n_vertex_5_n_l_3_seed_1925,2.9382990760495886e-05,0.5759066939353943,54,1978.7809183597565,experimentos_pinn/modelos_salvos/modelo_cqnn_strong_n_qubits_4_k_3_n_vertex_5_n_l_3_seed_1925.pth,experimentos_pinn/historicos_loss/loss_cqnn_strong_n_qubits_4_k_3_n_vertex_5_n_l_3_seed_1925.json,5.317929026205093e-05,3.352834301040275e-05
CQNN,cqnn_strong,0.002,15000,None,strong,4,3,5,3,1926,cqnn_strong_n_qubits_4_k_3_n_vertex_5_n_l_3_seed_1926,7.6091096161690075e-06,0.14913855493068695,54,1974.335547208786,experimentos_pinn/modelos_salvos/modelo_cqnn_strong_n_qubits_4_k_3_n_vertex_5_n_l_3_seed_1926.pth,experimentos_pinn/historicos_loss/loss_cqnn_strong_n_qubits_4_k_3_n_vertex_5_n_l_3_seed_1926.json,1.198594782181317e-05,1.6107156461657724e-05
CQNN,cqnn_strong,0.002,15000,None,strong,4,3,7,1,1924,cqnn_strong_n_qubits_4_k_3_n_vertex_7_n_l_1_seed_1924,7.082986485329457e-06,0.13882653415203094,32,1897.9765832424164,experimentos_pinn/modelos_salvos/modelo_cqnn_strong_n_qubits_4_k_3_n_vertex_7_n_l_1_seed_1924.pth,experimentos_pinn/historicos_loss/loss_cqnn_strong_n_qubits_4_k_3_n_vertex_7_n_l_1_seed_1924.json,9.40343215916073e-06,9.438277538720286e-06
CQNN,cqnn_strong,0.002,15000,None,strong,4,3,7,1,1925,cqnn_strong_n_qubits_4_k_3_n_vertex_7_n_l_1_seed_1925,2.1321202439139597e-05,0.41789549589157104,32,1900.9426879882812,experimentos_pinn/modelos_salvos/modelo_cqnn_strong_n_qubits_4_k_3_n_vertex_7_n_l_1_seed_1925.pth,experimentos_pinn/historicos_loss/loss_cqnn_strong_n_qubits_4_k_3_n_vertex_7_n_l_1_seed_1925.json,3.091653707087971e-05,3.1502018464379945e-05
CQNN,cqnn_strong,0.002,15000,None,strong,4,3,7,1,1926,cqnn_strong_n_qubits_4_k_3_n_vertex_7_n_l_1_seed_1926,5.3141240641707554e-05,1.041568398475647,32,1899.6105017662048,experimentos_pinn/modelos_salvos/modelo_cqnn_strong_n_qubits_4_k_3_n_vertex_7_n_l_1_seed_1926.pth,experimentos_pinn/historicos_loss/loss_cqnn_strong_n_qubits_4_k_3_n_vertex_7_n_l_1_seed_1926.json,7.790337258484215e-05,8.040188455197494e-05
CQNN,cqnn_strong,0.002,15000,None,strong,4,3,7,2,1924,cqnn_strong_n_qubits_4_k_3_n_vertex_7_n_l_2_seed_1924,1.6561551092308946e-05,0.32460641860961914,44,2237.6295342445374,experimentos_pinn/modelos_salvos/modelo_cqnn_strong_n_qubits_4_k_3_n_vertex_7_n_l_2_seed_1924.pth,experimentos_pinn/historicos_loss/loss_cqnn_strong_n_qubits_4_k_3_n_vertex_7_n_l_2_seed_1924.json,2.3369590053334832e-05,2.3959985701367258e-05
CQNN,cqnn_strong,0.002,15000,None,strong,4,3,7,2,1925,cqnn_strong_n_qubits_4_k_3_n_vertex_7_n_l_2_seed_1925,1.4577884940081276e-05,0.28572651743888855,44,2236.431655883789,experimentos_pinn/modelos_salvos/modelo_cqnn_strong_n_qubits_4_k_3_n_vertex_7_n_l_2_seed_1925.pth,experimentos_pinn/historicos_loss/loss_cqnn_strong_n_qubits_4_k_3_n_vertex_7_n_l_2_seed_1925.json,2.055888944596518e-05,2.056660938251298e-05
CQNN,cqnn_strong,0.002,15000,None,strong,4,3,7,2,1926,cqnn_strong_n_qubits_4_k_3_n_vertex_7_n_l_2_seed_1926,1.196833727590274e-05,0.2345794141292572,44,2235.3411605358124,experimentos_pinn/modelos_salvos/modelo_cqnn_strong_n_qubits_4_k_3_n_vertex_7_n_l_2_seed_1926.pth,experimentos_pinn/historicos_loss/loss_cqnn_strong_n_qubits_4_k_3_n_vertex_7_n_l_2_seed_1926.json,1.7151167412521318e-05,2.241145846710424e-05
CQNN,cqnn_strong,0.002,15000,None,strong,4,3,7,3,1924,cqnn_strong_n_qubits_4_k_3_n_vertex_7_n_l_3_seed_1924,8.727311978873331e-06,0.17105531692504883,56,2568.2561044692993,experimentos_pinn/modelos_salvos/modelo_cqnn_strong_n_qubits_4_k_3_n_vertex_7_n_l_3_seed_1924.pth,experimentos_pinn/historicos_loss/loss_cqnn_strong_n_qubits_4_k_3_n_vertex_7_n_l_3_seed_1924.json,1.338425136054866e-05,1.665290250457474e-05
CQNN,cqnn_strong,0.002,15000,None,strong,4,3,7,3,1925,cqnn_strong_n_qubits_4_k_3_n_vertex_7_n_l_3_seed_1925,3.57335593434982e-05,0.7003777027130127,56,2563.7789199352264,experimentos_pinn/modelos_salvos/modelo_cqnn_strong_n_qubits_4_k_3_n_vertex_7_n_l_3_seed_1925.pth,experimentos_pinn/historicos_loss/loss_cqnn_strong_n_qubits_4_k_3_n_vertex_7_n_l_3_seed_1925.json,4.8414298362331465e-05,4.877226641838206e-05
CQNN,cqnn_strong,0.002,15000,None,strong,4,3,7,3,1926,cqnn_strong_n_qubits_4_k_3_n_vertex_7_n_l_3_seed_1926,1.9706976672750898e-05,0.38625675439834595,56,2568.6336283683777,experimentos_pinn/modelos_salvos/modelo_cqnn_strong_n_qubits_4_k_3_n_vertex_7_n_l_3_seed_1926.pth,experimentos_pinn/historicos_loss/loss_cqnn_strong_n_qubits_4_k_3_n_vertex_7_n_l_3_seed_1926.json,2.423689147690311e-05,2.6868004897551146e-05
CQNN,cqnn_strong,0.002,15000,None,strong,4,3,9,1,1924,cqnn_strong_n_qubits_4_k_3_n_vertex_9_n_l_1_seed_1924,2.7027672331314534e-05,0.5297423601150513,34,2348.819169282913,experimentos_pinn/modelos_salvos/modelo_cqnn_strong_n_qubits_4_k_3_n_vertex_9_n_l_1_seed_1924.pth,experimentos_pinn/historicos_loss/loss_cqnn_strong_n_qubits_4_k_3_n_vertex_9_n_l_1_seed_1924.json,3.904483310179785e-05,3.90713690649136e-05
CQNN,cqnn_strong,0.002,15000,None,strong,4,3,9,1,1925,cqnn_strong_n_qubits_4_k_3_n_vertex_9_n_l_1_seed_1925,9.937329195963684e-06,0.1947716325521469,34,2347.075675010681,experimentos_pinn/modelos_salvos/modelo_cqnn_strong_n_qubits_4_k_3_n_vertex_9_n_l_1_seed_1925.pth,experimentos_pinn/historicos_loss/loss_cqnn_strong_n_qubits_4_k_3_n_vertex_9_n_l_1_seed_1925.json,1.4933345482859295e-05,1.4981723115852219e-05
CQNN,cqnn_strong,0.002,15000,None,strong,4,3,9,1,1926,cqnn_strong_n_qubits_4_k_3_n_vertex_9_n_l_1_seed_1926,3.564534199540503e-05,0.6986486911773682,34,2348.151815891266,experimentos_pinn/modelos_salvos/modelo_cqnn_strong_n_qubits_4_k_3_n_vertex_9_n_l_1_seed_1926.pth,experimentos_pinn/historicos_loss/loss_cqnn_strong_n_qubits_4_k_3_n_vertex_9_n_l_1_seed_1926.json,5.153426536708139e-05,5.2020594957866705e-05
CQNN,cqnn_strong,0.002,15000,None,strong,4,3,9,2,1924,cqnn_strong_n_qubits_4_k_3_n_vertex_9_n_l_2_seed_1924,2.7649986805045046e-05,0.5419397354125977,46,2680.385514974594,experimentos_pinn/modelos_salvos/modelo_cqnn_strong_n_qubits_4_k_3_n_vertex_9_n_l_2_seed_1924.pth,experimentos_pinn/historicos_loss/loss_cqnn_strong_n_qubits_4_k_3_n_vertex_9_n_l_2_seed_1924.json,3.909424049197696e-05,3.914803746738471e-05
CQNN,cqnn_strong,0.002,15000,None,strong,4,3,9,2,1925,cqnn_strong_n_qubits_4_k_3_n_vertex_9_n_l_2_seed_1925,1.6595911802141927e-05,0.32527977228164673,46,2682.1076912879944,experimentos_pinn/modelos_salvos/modelo_cqnn_strong_n_qubits_4_k_3_n_vertex_9_n_l_2_seed_1925.pth,experimentos_pinn/historicos_loss/loss_cqnn_strong_n_qubits_4_k_3_n_vertex_9_n_l_2_seed_1925.json,2.4792001568130217e-05,2.5359544961247592e-05
CQNN,cqnn_strong,0.002,15000,None,strong,4,3,9,2,1926,cqnn_strong_n_qubits_4_k_3_n_vertex_9_n_l_2_seed_1926,7.5983834904036485e-06,0.14892828464508057,46,2681.001881837845,experimentos_pinn/modelos_salvos/modelo_cqnn_strong_n_qubits_4_k_3_n_vertex_9_n_l_2_seed_1926.pth,experimentos_pinn/historicos_loss/loss_cqnn_strong_n_qubits_4_k_3_n_vertex_9_n_l_2_seed_1926.json,9.727491487865336e-06,1.372951855046267e-05
CQNN,cqnn_strong,0.002,15000,None,strong,4,3,9,3,1924,cqnn_strong_n_qubits_4_k_3_n_vertex_9_n_l_3_seed_1924,9.301320460508578e-06,0.18230585753917694,58,3020.982483625412,experimentos_pinn/modelos_salvos/modelo_cqnn_strong_n_qubits_4_k_3_n_vertex_9_n_l_3_seed_1924.pth,experimentos_pinn/historicos_loss/loss_cqnn_strong_n_qubits_4_k_3_n_vertex_9_n_l_3_seed_1924.json,1.3543284694605973e-05,1.3598645055026281e-05
CQNN,cqnn_strong,0.002,15000,None,strong,4,3,9,3,1925,cqnn_strong_n_qubits_4_k_3_n_vertex_9_n_l_3_seed_1925,7.514661319873994e-06,0.14728735387325287,58,3020.117802619934,experimentos_pinn/modelos_salvos/modelo_cqnn_strong_n_qubits_4_k_3_n_vertex_9_n_l_3_seed_1925.pth,experimentos_pinn/historicos_loss/loss_cqnn_strong_n_qubits_4_k_3_n_vertex_9_n_l_3_seed_1925.json,1.082588187273359e-05,1.4448930642174673e-05
CQNN,cqnn_strong,0.002,15000,None,strong,4,3,9,3,1926,cqnn_strong_n_qubits_4_k_3_n_vertex_9_n_l_3_seed_1926,6.492147804237902e-06,0.12724611163139343,58,3022.873416662216,experimentos_pinn/modelos_salvos/modelo_cqnn_strong_n_qubits_4_k_3_n_vertex_9_n_l_3_seed_1926.pth,experimentos_pinn/historicos_loss/loss_cqnn_strong_n_qubits_4_k_3_n_vertex_9_n_l_3_seed_1926.json,9.08542460820172e-06,1.2034402652716381e-05
CQNN,cqnn_strong,0.002,15000,None,strong,4,3,12,1,1924,cqnn_strong_n_qubits_4_k_3_n_vertex_12_n_l_1_seed_1924,1.9554105165298097e-05,0.3832603991031647,37,2761.6988265514374,experimentos_pinn/modelos_salvos/modelo_cqnn_strong_n_qubits_4_k_3_n_vertex_12_n_l_1_seed_1924.pth,experimentos_pinn/historicos_loss/loss_cqnn_strong_n_qubits_4_k_3_n_vertex_12_n_l_1_seed_1924.json,2.796600165311247e-05,3.0779731714574156e-05
CQNN,cqnn_strong,0.002,15000,None,strong,4,3,12,1,1925,cqnn_strong_n_qubits_4_k_3_n_vertex_12_n_l_1_seed_1925,6.329095413093455e-06,0.12405026704072952,37,2769.8837242126465,experimentos_pinn/modelos_salvos/modelo_cqnn_strong_n_qubits_4_k_3_n_vertex_12_n_l_1_seed_1925.pth,experimentos_pinn/historicos_loss/loss_cqnn_strong_n_qubits_4_k_3_n_vertex_12_n_l_1_seed_1925.json,5.687981683877297e-06,5.716967220905644e-06
CQNN,cqnn_strong,0.002,15000,None,strong,4,3,12,1,1926,cqnn_strong_n_qubits_4_k_3_n_vertex_12_n_l_1_seed_1926,1.6027101082727313e-05,0.3141311705112457,37,2764.939940929413,experimentos_pinn/modelos_salvos/modelo_cqnn_strong_n_qubits_4_k_3_n_vertex_12_n_l_1_seed_1926.pth,experimentos_pinn/historicos_loss/loss_cqnn_strong_n_qubits_4_k_3_n_vertex_12_n_l_1_seed_1926.json,2.3018137653707527e-05,2.5580154979252256e-05
CQNN,cqnn_strong,0.002,15000,None,strong,4,3,12,2,1924,cqnn_strong_n_qubits_4_k_3_n_vertex_12_n_l_2_seed_1924,1.2633222468139138e-05,0.2476111799478531,49,3121.1622014045715,experimentos_pinn/modelos_salvos/modelo_cqnn_strong_n_qubits_4_k_3_n_vertex_12_n_l_2_seed_1924.pth,experimentos_pinn/historicos_loss/loss_cqnn_strong_n_qubits_4_k_3_n_vertex_12_n_l_2_seed_1924.json,1.7746946468832903e-05,2.095639187245979e-05
CQNN,cqnn_strong,0.002,15000,None,strong,4,3,12,2,1925,cqnn_strong_n_qubits_4_k_3_n_vertex_12_n_l_2_seed_1925,1.657695247558877e-05,0.32490822672843933,49,3131.0389456748962,experimentos_pinn/modelos_salvos/modelo_cqnn_strong_n_qubits_4_k_3_n_vertex_12_n_l_2_seed_1925.pth,experimentos_pinn/historicos_loss/loss_cqnn_strong_n_qubits_4_k_3_n_vertex_12_n_l_2_seed_1925.json,2.374827818130143e-05,3.349702041305136e-05
CQNN,cqnn_strong,0.002,15000,None,strong,4,3,12,2,1926,cqnn_strong_n_qubits_4_k_3_n_vertex_12_n_l_2_seed_1926,5.664473519573221e-06,0.1110236793756485,49,3122.159013032913,experimentos_pinn/modelos_salvos/modelo_cqnn_strong_n_qubits_4_k_3_n_vertex_12_n_l_2_seed_1926.pth,experimentos_pinn/historicos_loss/loss_cqnn_strong_n_qubits_4_k_3_n_vertex_12_n_l_2_seed_1926.json,6.311284778348636e-06,1.132220003000839e-05
CQNN,cqnn_strong,0.002,15000,None,strong,4,3,12,3,1924,cqnn_strong_n_qubits_4_k_3_n_vertex_12_n_l_3_seed_1924,1.0188565283897333e-05,0.199695885181427,61,3448.819181919098,experimentos_pinn/modelos_salvos/modelo_cqnn_strong_n_qubits_4_k_3_n_vertex_12_n_l_3_seed_1924.pth,experimentos_pinn/historicos_loss/loss_cqnn_strong_n_qubits_4_k_3_n_vertex_12_n_l_3_seed_1924.json,1.379135483148275e-05,2.216307369963033e-05
CQNN,cqnn_strong,0.002,15000,None,strong,4,3,12,3,1925,cqnn_strong_n_qubits_4_k_3_n_vertex_12_n_l_3_seed_1925,8.579338100389577e-06,0.1681550145149231,61,3445.5390725135803,experimentos_pinn/modelos_salvos/modelo_cqnn_strong_n_qubits_4_k_3_n_vertex_12_n_l_3_seed_1925.pth,experimentos_pinn/historicos_loss/loss_cqnn_strong_n_qubits_4_k_3_n_vertex_12_n_l_3_seed_1925.json,1.2215766219014768e-05,1.2422384215824423e-05
CQNN,cqnn_strong,0.002,15000,None,strong,4,3,12,3,1926,cqnn_strong_n_qubits_4_k_3_n_vertex_12_n_l_3_seed_1926,2.556633080530446e-05,0.5011000633239746,61,3445.3752126693726,experimentos_pinn/modelos_salvos/modelo_cqnn_strong_n_qubits_4_k_3_n_vertex_12_n_l_3_seed_1926.pth,experimentos_pinn/historicos_loss/loss_cqnn_strong_n_qubits_4_k_3_n_vertex_12_n_l_3_seed_1926.json,3.332628693897277e-05,3.389275399968028e-05
CQNN,cqnn_basic,0.002,15000,None,basic,4,2,5,1,1924,cqnn_basic_n_qubits_4_k_2_n_vertex_5_n_l_1_seed_1924,7.191330951172858e-05,1.4095009565353394,22,919.3696329593658,experimentos_pinn/modelos_salvos/modelo_cqnn_basic_n_qubits_4_k_2_n_vertex_5_n_l_1_seed_1924.pth,experimentos_pinn/historicos_loss/loss_cqnn_basic_n_qubits_4_k_2_n_vertex_5_n_l_1_seed_1924.json,9.868625784292817e-05,0.00010188454158196691
CQNN,cqnn_basic,0.002,15000,None,basic,4,2,5,1,1925,cqnn_basic_n_qubits_4_k_2_n_vertex_5_n_l_1_seed_1925,2.7639382096822374e-05,0.5417318344116211,22,951.8897907733917,experimentos_pinn/modelos_salvos/modelo_cqnn_basic_n_qubits_4_k_2_n_vertex_5_n_l_1_seed_1925.pth,experimentos_pinn/historicos_loss/loss_cqnn_basic_n_qubits_4_k_2_n_vertex_5_n_l_1_seed_1925.json,3.8895592297194526e-05,4.0454392801621e-05
CQNN,cqnn_basic,0.002,15000,None,basic,4,2,5,1,1926,cqnn_basic_n_qubits_4_k_2_n_vertex_5_n_l_1_seed_1926,0.00017985441081691533,3.525146007537842,22,928.0250360965729,experimentos_pinn/modelos_salvos/modelo_cqnn_basic_n_qubits_4_k_2_n_vertex_5_n_l_1_seed_1926.pth,experimentos_pinn/historicos_loss/loss_cqnn_basic_n_qubits_4_k_2_n_vertex_5_n_l_1_seed_1926.json,0.00024796786601655185,0.00024916017107898367
CQNN,cqnn_basic,0.002,15000,None,basic,4,2,5,2,1924,cqnn_basic_n_qubits_4_k_2_n_vertex_5_n_l_2_seed_1924,2.6402178264106624e-05,0.5174826979637146,26,1172.7961585521698,experimentos_pinn/modelos_salvos/modelo_cqnn_basic_n_qubits_4_k_2_n_vertex_5_n_l_2_seed_1924.pth,experimentos_pinn/historicos_loss/loss_cqnn_basic_n_qubits_4_k_2_n_vertex_5_n_l_2_seed_1924.json,3.7077610613778234e-05,3.706052924826509e-05
CQNN,cqnn_basic,0.002,15000,None,basic,4,2,5,2,1925,cqnn_basic_n_qubits_4_k_2_n_vertex_5_n_l_2_seed_1925,7.823632768122479e-05,1.5334322452545166,26,1160.7075204849243,experimentos_pinn/modelos_salvos/modelo_cqnn_basic_n_qubits_4_k_2_n_vertex_5_n_l_2_seed_1925.pth,experimentos_pinn/historicos_loss/loss_cqnn_basic_n_qubits_4_k_2_n_vertex_5_n_l_2_seed_1925.json,0.00011620375153142959,0.00011704733573424164
CQNN,cqnn_basic,0.002,15000,None,basic,4,2,5,2,1926,cqnn_basic_n_qubits_4_k_2_n_vertex_5_n_l_2_seed_1926,3.3125950722023845e-05,0.6492686867713928,26,1154.8300075531006,experimentos_pinn/modelos_salvos/modelo_cqnn_basic_n_qubits_4_k_2_n_vertex_5_n_l_2_seed_1926.pth,experimentos_pinn/historicos_loss/loss_cqnn_basic_n_qubits_4_k_2_n_vertex_5_n_l_2_seed_1926.json,4.583545887726359e-05,4.864058053499321e-05
CQNN,cqnn_basic,0.002,15000,None,basic,4,2,5,3,1924,cqnn_basic_n_qubits_4_k_2_n_vertex_5_n_l_3_seed_1924,6.159297481644899e-05,1.20722234249115,30,1424.7466187477112,experimentos_pinn/modelos_salvos/modelo_cqnn_basic_n_qubits_4_k_2_n_vertex_5_n_l_3_seed_1924.pth,experimentos_pinn/historicos_loss/loss_cqnn_basic_n_qubits_4_k_2_n_vertex_5_n_l_3_seed_1924.json,8.19604829302989e-05,8.219720613851678e-05
CQNN,cqnn_basic,0.002,15000,None,basic,4,2,5,3,1925,cqnn_basic_n_qubits_4_k_2_n_vertex_5_n_l_3_seed_1925,4.6605306124547496e-05,0.9134641289710999,30,1416.5093743801117,experimentos_pinn/modelos_salvos/modelo_cqnn_basic_n_qubits_4_k_2_n_vertex_5_n_l_3_seed_1925.pth,experimentos_pinn/historicos_loss/loss_cqnn_basic_n_qubits_4_k_2_n_vertex_5_n_l_3_seed_1925.json,6.320517422864214e-05,6.510345192509704e-05
CQNN,cqnn_basic,0.002,15000,None,basic,4,2,5,3,1926,cqnn_basic_n_qubits_4_k_2_n_vertex_5_n_l_3_seed_1926,1.1350452950864565e-05,0.22246885299682617,30,1416.5028066635132,experimentos_pinn/modelos_salvos/modelo_cqnn_basic_n_qubits_4_k_2_n_vertex_5_n_l_3_seed_1926.pth,experimentos_pinn/historicos_loss/loss_cqnn_basic_n_qubits_4_k_2_n_vertex_5_n_l_3_seed_1926.json,1.6206986401812173e-05,1.7943372586159968e-05
CQNN,cqnn_basic,0.002,15000,None,basic,4,2,7,1,1924,cqnn_basic_n_qubits_4_k_2_n_vertex_7_n_l_1_seed_1924,9.949401828635018e-06,0.1950082927942276,24,1162.098827123642,experimentos_pinn/modelos_salvos/modelo_cqnn_basic_n_qubits_4_k_2_n_vertex_7_n_l_1_seed_1924.pth,experimentos_pinn/historicos_loss/loss_cqnn_basic_n_qubits_4_k_2_n_vertex_7_n_l_1_seed_1924.json,1.3046644198766444e-05,1.4654644091933733e-05
CQNN,cqnn_basic,0.002,15000,None,basic,4,2,7,1,1925,cqnn_basic_n_qubits_4_k_2_n_vertex_7_n_l_1_seed_1925,1.696380422799848e-05,0.3324905335903168,24,1165.2855124473572,experimentos_pinn/modelos_salvos/modelo_cqnn_basic_n_qubits_4_k_2_n_vertex_7_n_l_1_seed_1925.pth,experimentos_pinn/historicos_loss/loss_cqnn_basic_n_qubits_4_k_2_n_vertex_7_n_l_1_seed_1925.json,2.4561113605159335e-05,2.4584576221968747e-05
CQNN,cqnn_basic,0.002,15000,None,basic,4,2,7,1,1926,cqnn_basic_n_qubits_4_k_2_n_vertex_7_n_l_1_seed_1926,0.00018100958550348878,3.547787666320801,24,1159.7180850505829,experimentos_pinn/modelos_salvos/modelo_cqnn_basic_n_qubits_4_k_2_n_vertex_7_n_l_1_seed_1926.pth,experimentos_pinn/historicos_loss/loss_cqnn_basic_n_qubits_4_k_2_n_vertex_7_n_l_1_seed_1926.json,0.0002495138323865831,0.00025088940281420947
CQNN,cqnn_basic,0.002,15000,None,basic,4,2,7,2,1924,cqnn_basic_n_qubits_4_k_2_n_vertex_7_n_l_2_seed_1924,1.0122361345565878e-05,0.19839830696582794,28,1419.398675918579,experimentos_pinn/modelos_salvos/modelo_cqnn_basic_n_qubits_4_k_2_n_vertex_7_n_l_2_seed_1924.pth,experimentos_pinn/historicos_loss/loss_cqnn_basic_n_qubits_4_k_2_n_vertex_7_n_l_2_seed_1924.json,1.496395270805806e-05,1.7649951523708296e-05
CQNN,cqnn_basic,0.002,15000,None,basic,4,2,7,2,1925,cqnn_basic_n_qubits_4_k_2_n_vertex_7_n_l_2_seed_1925,2.440715252305381e-05,0.4783801734447479,28,1412.8639755249023,experimentos_pinn/modelos_salvos/modelo_cqnn_basic_n_qubits_4_k_2_n_vertex_7_n_l_2_seed_1925.pth,experimentos_pinn/historicos_loss/loss_cqnn_basic_n_qubits_4_k_2_n_vertex_7_n_l_2_seed_1925.json,3.449209179962054e-05,3.710817691171542e-05
CQNN,cqnn_basic,0.002,15000,None,basic,4,2,7,2,1926,cqnn_basic_n_qubits_4_k_2_n_vertex_7_n_l_2_seed_1926,4.99090165249072e-05,0.9782168865203857,28,1417.693326473236,experimentos_pinn/modelos_salvos/modelo_cqnn_basic_n_qubits_4_k_2_n_vertex_7_n_l_2_seed_1926.pth,experimentos_pinn/historicos_loss/loss_cqnn_basic_n_qubits_4_k_2_n_vertex_7_n_l_2_seed_1926.json,6.667718116659671e-05,6.711199959681835e-05
CQNN,cqnn_basic,0.002,15000,None,basic,4,2,7,3,1924,cqnn_basic_n_qubits_4_k_2_n_vertex_7_n_l_3_seed_1924,1.9315573808853514e-05,0.37858521938323975,32,1675.43319272995,experimentos_pinn/modelos_salvos/modelo_cqnn_basic_n_qubits_4_k_2_n_vertex_7_n_l_3_seed_1924.pth,experimentos_pinn/historicos_loss/loss_cqnn_basic_n_qubits_4_k_2_n_vertex_7_n_l_3_seed_1924.json,2.8547994588734582e-05,2.8828601007262477e-05
CQNN,cqnn_basic,0.002,15000,None,basic,4,2,7,3,1925,cqnn_basic_n_qubits_4_k_2_n_vertex_7_n_l_3_seed_1925,8.168030944943894e-06,0.16009336709976196,32,1673.703360080719,experimentos_pinn/modelos_salvos/modelo_cqnn_basic_n_qubits_4_k_2_n_vertex_7_n_l_3_seed_1925.pth,experimentos_pinn/historicos_loss/loss_cqnn_basic_n_qubits_4_k_2_n_vertex_7_n_l_3_seed_1925.json,1.0121380910277367e-05,1.1802334383901326e-05
CQNN,cqnn_basic,0.002,15000,None,basic,4,2,7,3,1926,cqnn_basic_n_qubits_4_k_2_n_vertex_7_n_l_3_seed_1926,2.106457577610854e-05,0.41286566853523254,32,1669.6087484359741,experimentos_pinn/modelos_salvos/modelo_cqnn_basic_n_qubits_4_k_2_n_vertex_7_n_l_3_seed_1926.pth,experimentos_pinn/historicos_loss/loss_cqnn_basic_n_qubits_4_k_2_n_vertex_7_n_l_3_seed_1926.json,2.9813716537319124e-05,3.0214440212148474e-05
CQNN,cqnn_basic,0.002,15000,None,basic,4,2,9,1,1924,cqnn_basic_n_qubits_4_k_2_n_vertex_9_n_l_1_seed_1924,0.00018249535060022026,3.576908588409424,26,1578.6921379566193,experimentos_pinn/modelos_salvos/modelo_cqnn_basic_n_qubits_4_k_2_n_vertex_9_n_l_1_seed_1924.pth,experimentos_pinn/historicos_loss/loss_cqnn_basic_n_qubits_4_k_2_n_vertex_9_n_l_1_seed_1924.json,0.0002515707747079432,0.00025164953258354216
CQNN,cqnn_basic,0.002,15000,None,basic,4,2,9,1,1925,cqnn_basic_n_qubits_4_k_2_n_vertex_9_n_l_1_seed_1925,1.722863089526072e-05,0.33768120408058167,26,1575.897096157074,experimentos_pinn/modelos_salvos/modelo_cqnn_basic_n_qubits_4_k_2_n_vertex_9_n_l_1_seed_1925.pth,experimentos_pinn/historicos_loss/loss_cqnn_basic_n_qubits_4_k_2_n_vertex_9_n_l_1_seed_1925.json,2.4836317606968805e-05,2.481704470483237e-05
CQNN,cqnn_basic,0.002,15000,None,basic,4,2,9,1,1926,cqnn_basic_n_qubits_4_k_2_n_vertex_9_n_l_1_seed_1926,0.00017976269009523094,3.5233490467071533,26,1573.297353029251,experimentos_pinn/modelos_salvos/modelo_cqnn_basic_n_qubits_4_k_2_n_vertex_9_n_l_1_seed_1926.pth,experimentos_pinn/historicos_loss/loss_cqnn_basic_n_qubits_4_k_2_n_vertex_9_n_l_1_seed_1926.json,0.0002482352720107883,0.00024827279936289414
CQNN,cqnn_basic,0.002,15000,None,basic,4,2,9,2,1924,cqnn_basic_n_qubits_4_k_2_n_vertex_9_n_l_2_seed_1924,2.065951412077993e-05,0.40492647886276245,30,1826.8223493099213,experimentos_pinn/modelos_salvos/modelo_cqnn_basic_n_qubits_4_k_2_n_vertex_9_n_l_2_seed_1924.pth,experimentos_pinn/historicos_loss/loss_cqnn_basic_n_qubits_4_k_2_n_vertex_9_n_l_2_seed_1924.json,3.182440559612587e-05,3.442606903263368e-05
CQNN,cqnn_basic,0.002,15000,None,basic,4,2,9,2,1925,cqnn_basic_n_qubits_4_k_2_n_vertex_9_n_l_2_seed_1925,2.982779551530257e-05,0.5846248269081116,30,1827.3563032150269,experimentos_pinn/modelos_salvos/modelo_cqnn_basic_n_qubits_4_k_2_n_vertex_9_n_l_2_seed_1925.pth,experimentos_pinn/historicos_loss/loss_cqnn_basic_n_qubits_4_k_2_n_vertex_9_n_l_2_seed_1925.json,4.2918814870063215e-05,4.365388704172801e-05
CQNN,cqnn_basic,0.002,15000,None,basic,4,2,9,2,1926,cqnn_basic_n_qubits_4_k_2_n_vertex_9_n_l_2_seed_1926,3.12440242851153e-05,0.6123828291893005,30,1829.8601369857788,experimentos_pinn/modelos_salvos/modelo_cqnn_basic_n_qubits_4_k_2_n_vertex_9_n_l_2_seed_1926.pth,experimentos_pinn/historicos_loss/loss_cqnn_basic_n_qubits_4_k_2_n_vertex_9_n_l_2_seed_1926.json,4.2347764974692836e-05,4.2888016469078136e-05
CQNN,cqnn_basic,0.002,15000,None,basic,4,2,9,3,1924,cqnn_basic_n_qubits_4_k_2_n_vertex_9_n_l_3_seed_1924,2.1798939997097477e-05,0.4272592067718506,34,2080.5121693611145,experimentos_pinn/modelos_salvos/modelo_cqnn_basic_n_qubits_4_k_2_n_vertex_9_n_l_3_seed_1924.pth,experimentos_pinn/historicos_loss/loss_cqnn_basic_n_qubits_4_k_2_n_vertex_9_n_l_3_seed_1924.json,3.2825610105646774e-05,3.7522293423535304e-05
CQNN,cqnn_basic,0.002,15000,None,basic,4,2,9,3,1925,cqnn_basic_n_qubits_4_k_2_n_vertex_9_n_l_3_seed_1925,1.1643563993857242e-05,0.22821387648582458,34,2086.766373872757,experimentos_pinn/modelos_salvos/modelo_cqnn_basic_n_qubits_4_k_2_n_vertex_9_n_l_3_seed_1925.pth,experimentos_pinn/historicos_loss/loss_cqnn_basic_n_qubits_4_k_2_n_vertex_9_n_l_3_seed_1925.json,1.7206784832524136e-05,2.1191980631556363e-05
CQNN,cqnn_basic,0.002,15000,None,basic,4,2,9,3,1926,cqnn_basic_n_qubits_4_k_2_n_vertex_9_n_l_3_seed_1926,1.5152149899222422e-05,0.29698213934898376,34,2091.0723803043365,experimentos_pinn/modelos_salvos/modelo_cqnn_basic_n_qubits_4_k_2_n_vertex_9_n_l_3_seed_1926.pth,experimentos_pinn/historicos_loss/loss_cqnn_basic_n_qubits_4_k_2_n_vertex_9_n_l_3_seed_1926.json,2.6118752430193126e-05,2.9199967302702133e-05
CQNN,cqnn_basic,0.002,15000,None,basic,4,2,12,1,1924,cqnn_basic_n_qubits_4_k_2_n_vertex_12_n_l_1_seed_1924,9.341874829260632e-06,0.18310073018074036,29,2222.252270460129,experimentos_pinn/modelos_salvos/modelo_cqnn_basic_n_qubits_4_k_2_n_vertex_12_n_l_1_seed_1924.pth,experimentos_pinn/historicos_loss/loss_cqnn_basic_n_qubits_4_k_2_n_vertex_12_n_l_1_seed_1924.json,1.157737187895691e-05,1.1636554108918063e-05
CQNN,cqnn_basic,0.002,15000,None,basic,4,2,12,1,1925,cqnn_basic_n_qubits_4_k_2_n_vertex_12_n_l_1_seed_1925,3.410290082683787e-05,0.6684167385101318,29,2223.397618293762,experimentos_pinn/modelos_salvos/modelo_cqnn_basic_n_qubits_4_k_2_n_vertex_12_n_l_1_seed_1925.pth,experimentos_pinn/historicos_loss/loss_cqnn_basic_n_qubits_4_k_2_n_vertex_12_n_l_1_seed_1925.json,4.80938506370876e-05,4.7750283411005515e-05
CQNN,cqnn_basic,0.002,15000,None,basic,4,2,12,1,1926,cqnn_basic_n_qubits_4_k_2_n_vertex_12_n_l_1_seed_1926,5.490106559591368e-05,1.0760608911514282,29,2219.1626472473145,experimentos_pinn/modelos_salvos/modelo_cqnn_basic_n_qubits_4_k_2_n_vertex_12_n_l_1_seed_1926.pth,experimentos_pinn/historicos_loss/loss_cqnn_basic_n_qubits_4_k_2_n_vertex_12_n_l_1_seed_1926.json,7.616760558448732e-05,7.632176522747613e-05
CQNN,cqnn_basic,0.002,15000,None,basic,4,2,12,2,1924,cqnn_basic_n_qubits_4_k_2_n_vertex_12_n_l_2_seed_1924,2.168124046875164e-05,0.42495232820510864,33,2468.085238456726,experimentos_pinn/modelos_salvos/modelo_cqnn_basic_n_qubits_4_k_2_n_vertex_12_n_l_2_seed_1924.pth,experimentos_pinn/historicos_loss/loss_cqnn_basic_n_qubits_4_k_2_n_vertex_12_n_l_2_seed_1924.json,3.23272543027997e-05,3.250321948144119e-05
CQNN,cqnn_basic,0.002,15000,None,basic,4,2,12,2,1925,cqnn_basic_n_qubits_4_k_2_n_vertex_12_n_l_2_seed_1925,5.226700159255415e-05,1.0244331359863281,33,2472.040318965912,experimentos_pinn/modelos_salvos/modelo_cqnn_basic_n_qubits_4_k_2_n_vertex_12_n_l_2_seed_1925.pth,experimentos_pinn/historicos_loss/loss_cqnn_basic_n_qubits_4_k_2_n_vertex_12_n_l_2_seed_1925.json,6.584996299352497e-05,6.720364566717763e-05
CQNN,cqnn_basic,0.002,15000,None,basic,4,2,12,2,1926,cqnn_basic_n_qubits_4_k_2_n_vertex_12_n_l_2_seed_1926,9.574217983754352e-06,0.18765462934970856,33,2469.333984375,experimentos_pinn/modelos_salvos/modelo_cqnn_basic_n_qubits_4_k_2_n_vertex_12_n_l_2_seed_1926.pth,experimentos_pinn/historicos_loss/loss_cqnn_basic_n_qubits_4_k_2_n_vertex_12_n_l_2_seed_1926.json,1.2570420949487016e-05,1.25965765073488e-05
CQNN,cqnn_basic,0.002,15000,None,basic,4,2,12,3,1924,cqnn_basic_n_qubits_4_k_2_n_vertex_12_n_l_3_seed_1924,1.019854698824929e-05,0.19989147782325745,37,2725.806388616562,experimentos_pinn/modelos_salvos/modelo_cqnn_basic_n_qubits_4_k_2_n_vertex_12_n_l_3_seed_1924.pth,experimentos_pinn/historicos_loss/loss_cqnn_basic_n_qubits_4_k_2_n_vertex_12_n_l_3_seed_1924.json,1.6501817299285904e-05,1.667423017352121e-05
CQNN,cqnn_basic,0.002,15000,None,basic,4,2,12,3,1925,cqnn_basic_n_qubits_4_k_2_n_vertex_12_n_l_3_seed_1925,6.118671080912463e-06,0.11992595344781876,37,2723.961328983307,experimentos_pinn/modelos_salvos/modelo_cqnn_basic_n_qubits_4_k_2_n_vertex_12_n_l_3_seed_1925.pth,experimentos_pinn/historicos_loss/loss_cqnn_basic_n_qubits_4_k_2_n_vertex_12_n_l_3_seed_1925.json,9.036418305186089e-06,1.2033104276270024e-05
CQNN,cqnn_basic,0.002,15000,None,basic,4,2,12,3,1926,cqnn_basic_n_qubits_4_k_2_n_vertex_12_n_l_3_seed_1926,1.5421486750710756e-05,0.3022611439228058,37,2728.665502548218,experimentos_pinn/modelos_salvos/modelo_cqnn_basic_n_qubits_4_k_2_n_vertex_12_n_l_3_seed_1926.pth,experimentos_pinn/historicos_loss/loss_cqnn_basic_n_qubits_4_k_2_n_vertex_12_n_l_3_seed_1926.json,2.4332417524419725e-05,2.482518812030321e-05
CQNN,cqnn_basic,0.002,15000,None,basic,4,3,5,1,1924,cqnn_basic_n_qubits_4_k_3_n_vertex_5_n_l_1_seed_1924,7.651654595974833e-05,1.4997245073318481,22,1116.4882740974426,experimentos_pinn/modelos_salvos/modelo_cqnn_basic_n_qubits_4_k_3_n_vertex_5_n_l_1_seed_1924.pth,experimentos_pinn/historicos_loss/loss_cqnn_basic_n_qubits_4_k_3_n_vertex_5_n_l_1_seed_1924.json,0.00010831926920218393,0.00011058279866119846
CQNN,cqnn_basic,0.002,15000,None,basic,4,3,5,1,1925,cqnn_basic_n_qubits_4_k_3_n_vertex_5_n_l_1_seed_1925,2.436866816424299e-05,0.47762587666511536,22,1108.8810150623322,experimentos_pinn/modelos_salvos/modelo_cqnn_basic_n_qubits_4_k_3_n_vertex_5_n_l_1_seed_1925.pth,experimentos_pinn/historicos_loss/loss_cqnn_basic_n_qubits_4_k_3_n_vertex_5_n_l_1_seed_1925.json,3.311030377517454e-05,3.505069718812592e-05
CQNN,cqnn_basic,0.002,15000,None,basic,4,3,5,1,1926,cqnn_basic_n_qubits_4_k_3_n_vertex_5_n_l_1_seed_1926,5.3350577218225226e-05,1.0456713438034058,22,1118.0688021183014,experimentos_pinn/modelos_salvos/modelo_cqnn_basic_n_qubits_4_k_3_n_vertex_5_n_l_1_seed_1926.pth,experimentos_pinn/historicos_loss/loss_cqnn_basic_n_qubits_4_k_3_n_vertex_5_n_l_1_seed_1926.json,7.390081009361893e-05,9.805558496736922e-05
CQNN,cqnn_basic,0.002,15000,None,basic,4,3,5,2,1924,cqnn_basic_n_qubits_4_k_3_n_vertex_5_n_l_2_seed_1924,0.0001802254846552387,3.5324196815490723,26,1357.7412281036377,experimentos_pinn/modelos_salvos/modelo_cqnn_basic_n_qubits_4_k_3_n_vertex_5_n_l_2_seed_1924.pth,experimentos_pinn/historicos_loss/loss_cqnn_basic_n_qubits_4_k_3_n_vertex_5_n_l_2_seed_1924.json,0.000240081746596843,0.00024030207627220079
CQNN,cqnn_basic,0.002,15000,None,basic,4,3,5,2,1925,cqnn_basic_n_qubits_4_k_3_n_vertex_5_n_l_2_seed_1925,0.0004002066852990538,7.844051361083984,26,1354.482628107071,experimentos_pinn/modelos_salvos/modelo_cqnn_basic_n_qubits_4_k_3_n_vertex_5_n_l_2_seed_1925.pth,experimentos_pinn/historicos_loss/loss_cqnn_basic_n_qubits_4_k_3_n_vertex_5_n_l_2_seed_1925.json,0.000494279433041811,0.0004991906223585829
CQNN,cqnn_basic,0.002,15000,None,basic,4,3,5,2,1926,cqnn_basic_n_qubits_4_k_3_n_vertex_5_n_l_2_seed_1926,5.110657002660446e-05,1.0016887187957764,26,1356.507491350174,experimentos_pinn/modelos_salvos/modelo_cqnn_basic_n_qubits_4_k_3_n_vertex_5_n_l_2_seed_1926.pth,experimentos_pinn/historicos_loss/loss_cqnn_basic_n_qubits_4_k_3_n_vertex_5_n_l_2_seed_1926.json,7.101013034116477e-05,7.202816283097491e-05
CQNN,cqnn_basic,0.002,15000,None,basic,4,3,5,3,1924,cqnn_basic_n_qubits_4_k_3_n_vertex_5_n_l_3_seed_1924,4.612560587702319e-05,0.9040617942810059,30,1615.2896625995636,experimentos_pinn/modelos_salvos/modelo_cqnn_basic_n_qubits_4_k_3_n_vertex_5_n_l_3_seed_1924.pth,experimentos_pinn/historicos_loss/loss_cqnn_basic_n_qubits_4_k_3_n_vertex_5_n_l_3_seed_1924.json,7.590602763229981e-05,7.603395832120441e-05
CQNN,cqnn_basic,0.002,15000,None,basic,4,3,5,3,1925,cqnn_basic_n_qubits_4_k_3_n_vertex_5_n_l_3_seed_1925,2.0568188119796105e-05,0.40313661098480225,30,1618.7440581321716,experimentos_pinn/modelos_salvos/modelo_cqnn_basic_n_qubits_4_k_3_n_vertex_5_n_l_3_seed_1925.pth,experimentos_pinn/historicos_loss/loss_cqnn_basic_n_qubits_4_k_3_n_vertex_5_n_l_3_seed_1925.json,3.11804142256733e-05,3.179994786478346e-05
CQNN,cqnn_basic,0.002,15000,None,basic,4,3,5,3,1926,cqnn_basic_n_qubits_4_k_3_n_vertex_5_n_l_3_seed_1926,1.196691573568387e-05,0.23455150425434113,30,1623.9259934425354,experimentos_pinn/modelos_salvos/modelo_cqnn_basic_n_qubits_4_k_3_n_vertex_5_n_l_3_seed_1926.pth,experimentos_pinn/historicos_loss/loss_cqnn_basic_n_qubits_4_k_3_n_vertex_5_n_l_3_seed_1926.json,1.8048114725388587e-05,1.7331926283077337e-05
CQNN,cqnn_basic,0.002,15000,None,basic,4,3,7,1,1924,cqnn_basic_n_qubits_4_k_3_n_vertex_7_n_l_1_seed_1924,3.494291740935296e-05,0.6848812103271484,24,1653.8189435005188,experimentos_pinn/modelos_salvos/modelo_cqnn_basic_n_qubits_4_k_3_n_vertex_7_n_l_1_seed_1924.pth,experimentos_pinn/historicos_loss/loss_cqnn_basic_n_qubits_4_k_3_n_vertex_7_n_l_1_seed_1924.json,4.804701893590391e-05,4.926678695483133e-05
CQNN,cqnn_basic,0.002,15000,None,basic,4,3,7,1,1925,cqnn_basic_n_qubits_4_k_3_n_vertex_7_n_l_1_seed_1925,1.4038669178262353e-05,0.27515795826911926,24,1657.3635983467102,experimentos_pinn/modelos_salvos/modelo_cqnn_basic_n_qubits_4_k_3_n_vertex_7_n_l_1_seed_1925.pth,experimentos_pinn/historicos_loss/loss_cqnn_basic_n_qubits_4_k_3_n_vertex_7_n_l_1_seed_1925.json,2.165298610634636e-05,2.182808762881905e-05
CQNN,cqnn_basic,0.002,15000,None,basic,4,3,7,1,1926,cqnn_basic_n_qubits_4_k_3_n_vertex_7_n_l_1_seed_1926,0.00014422801905311644,2.826869487762451,24,1658.2558040618896,experimentos_pinn/modelos_salvos/modelo_cqnn_basic_n_qubits_4_k_3_n_vertex_7_n_l_1_seed_1926.pth,experimentos_pinn/historicos_loss/loss_cqnn_basic_n_qubits_4_k_3_n_vertex_7_n_l_1_seed_1926.json,0.0001974290207726881,0.0002084673402714543
CQNN,cqnn_basic,0.002,15000,None,basic,4,3,7,2,1924,cqnn_basic_n_qubits_4_k_3_n_vertex_7_n_l_2_seed_1924,2.3044272893457673e-05,0.4516676664352417,28,1906.5528910160065,experimentos_pinn/modelos_salvos/modelo_cqnn_basic_n_qubits_4_k_3_n_vertex_7_n_l_2_seed_1924.pth,experimentos_pinn/historicos_loss/loss_cqnn_basic_n_qubits_4_k_3_n_vertex_7_n_l_2_seed_1924.json,3.3622771297814324e-05,3.679568093502894e-05
CQNN,cqnn_basic,0.002,15000,None,basic,4,3,7,2,1925,cqnn_basic_n_qubits_4_k_3_n_vertex_7_n_l_2_seed_1925,9.192159632220864e-05,1.8016632795333862,28,1918.7270293235779,experimentos_pinn/modelos_salvos/modelo_cqnn_basic_n_qubits_4_k_3_n_vertex_7_n_l_2_seed_1925.pth,experimentos_pinn/historicos_loss/loss_cqnn_basic_n_qubits_4_k_3_n_vertex_7_n_l_2_seed_1925.json,0.00012581571354530752,0.00012707778470939955
CQNN,cqnn_basic,0.002,15000,None,basic,4,3,7,2,1926,cqnn_basic_n_qubits_4_k_3_n_vertex_7_n_l_2_seed_1926,7.12159089744091e-06,0.13958317041397095,28,1907.07901096344,experimentos_pinn/modelos_salvos/modelo_cqnn_basic_n_qubits_4_k_3_n_vertex_7_n_l_2_seed_1926.pth,experimentos_pinn/historicos_loss/loss_cqnn_basic_n_qubits_4_k_3_n_vertex_7_n_l_2_seed_1926.json,9.078965376829728e-06,1.0221344218734885e-05
CQNN,cqnn_basic,0.002,15000,None,basic,4,3,7,3,1924,cqnn_basic_n_qubits_4_k_3_n_vertex_7_n_l_3_seed_1924,1.3114402463543229e-05,0.2570422291755676,32,2166.0153954029083,experimentos_pinn/modelos_salvos/modelo_cqnn_basic_n_qubits_4_k_3_n_vertex_7_n_l_3_seed_1924.pth,experimentos_pinn/historicos_loss/loss_cqnn_basic_n_qubits_4_k_3_n_vertex_7_n_l_3_seed_1924.json,1.9473385691526346e-05,1.9599376537371425e-05
CQNN,cqnn_basic,0.002,15000,None,basic,4,3,7,3,1925,cqnn_basic_n_qubits_4_k_3_n_vertex_7_n_l_3_seed_1925,1.8580009054858238e-05,0.3641681373119354,32,2171.149428844452,experimentos_pinn/modelos_salvos/modelo_cqnn_basic_n_qubits_4_k_3_n_vertex_7_n_l_3_seed_1925.pth,experimentos_pinn/historicos_loss/loss_cqnn_basic_n_qubits_4_k_3_n_vertex_7_n_l_3_seed_1925.json,2.8643587938859127e-05,2.8737135817209492e-05
CQNN,cqnn_basic,0.002,15000,None,basic,4,3,7,3,1926,cqnn_basic_n_qubits_4_k_3_n_vertex_7_n_l_3_seed_1926,1.1591141628741752e-05,0.227186381816864,32,2164.498297214508,experimentos_pinn/modelos_salvos/modelo_cqnn_basic_n_qubits_4_k_3_n_vertex_7_n_l_3_seed_1926.pth,experimentos_pinn/historicos_loss/loss_cqnn_basic_n_qubits_4_k_3_n_vertex_7_n_l_3_seed_1926.json,1.6681799024809152e-05,1.9528718858055073e-05
CQNN,cqnn_basic,0.002,15000,None,basic,4,3,9,1,1924,cqnn_basic_n_qubits_4_k_3_n_vertex_9_n_l_1_seed_1924,8.212097600335255e-05,1.6095714569091797,26,2083.3050832748413,experimentos_pinn/modelos_salvos/modelo_cqnn_basic_n_qubits_4_k_3_n_vertex_9_n_l_1_seed_1924.pth,experimentos_pinn/historicos_loss/loss_cqnn_basic_n_qubits_4_k_3_n_vertex_9_n_l_1_seed_1924.json,0.0001157681763288565,0.0001173520612064749
CQNN,cqnn_basic,0.002,15000,None,basic,4,3,9,1,1925,cqnn_basic_n_qubits_4_k_3_n_vertex_9_n_l_1_seed_1925,1.4871730854792986e-05,0.29148587584495544,26,2070.711750268936,experimentos_pinn/modelos_salvos/modelo_cqnn_basic_n_qubits_4_k_3_n_vertex_9_n_l_1_seed_1925.pth,experimentos_pinn/historicos_loss/loss_cqnn_basic_n_qubits_4_k_3_n_vertex_9_n_l_1_seed_1925.json,2.2037895178073086e-05,2.4363943321077386e-05
CQNN,cqnn_basic,0.002,15000,None,basic,4,3,9,1,1926,cqnn_basic_n_qubits_4_k_3_n_vertex_9_n_l_1_seed_1926,0.00015844625886529684,3.105546474456787,26,2075.343197822571,experimentos_pinn/modelos_salvos/modelo_cqnn_basic_n_qubits_4_k_3_n_vertex_9_n_l_1_seed_1926.pth,experimentos_pinn/historicos_loss/loss_cqnn_basic_n_qubits_4_k_3_n_vertex_9_n_l_1_seed_1926.json,0.00021318781364243478,0.0002166703814873472
CQNN,cqnn_basic,0.002,15000,None,basic,4,3,9,2,1924,cqnn_basic_n_qubits_4_k_3_n_vertex_9_n_l_2_seed_1924,1.4729143003933132e-05,0.2886912226676941,30,2330.928939819336,experimentos_pinn/modelos_salvos/modelo_cqnn_basic_n_qubits_4_k_3_n_vertex_9_n_l_2_seed_1924.pth,experimentos_pinn/historicos_loss/loss_cqnn_basic_n_qubits_4_k_3_n_vertex_9_n_l_2_seed_1924.json,2.1354651835281402e-05,2.1430050292110537e-05
CQNN,cqnn_basic,0.002,15000,None,basic,4,3,9,2,1925,cqnn_basic_n_qubits_4_k_3_n_vertex_9_n_l_2_seed_1925,3.308148370706476e-05,0.6483971476554871,30,2328.1273651123047,experimentos_pinn/modelos_salvos/modelo_cqnn_basic_n_qubits_4_k_3_n_vertex_9_n_l_2_seed_1925.pth,experimentos_pinn/historicos_loss/loss_cqnn_basic_n_qubits_4_k_3_n_vertex_9_n_l_2_seed_1925.json,5.11472717334982e-05,5.569224329519784e-05
CQNN,cqnn_basic,0.002,15000,None,basic,4,3,9,2,1926,cqnn_basic_n_qubits_4_k_3_n_vertex_9_n_l_2_seed_1926,1.088436329155229e-05,0.21333353221416473,30,2328.178679227829,experimentos_pinn/modelos_salvos/modelo_cqnn_basic_n_qubits_4_k_3_n_vertex_9_n_l_2_seed_1926.pth,experimentos_pinn/historicos_loss/loss_cqnn_basic_n_qubits_4_k_3_n_vertex_9_n_l_2_seed_1926.json,1.5300816812668927e-05,1.6519304899702547e-05
CQNN,cqnn_basic,0.002,15000,None,basic,4,3,9,3,1924,cqnn_basic_n_qubits_4_k_3_n_vertex_9_n_l_3_seed_1924,4.186108708381653e-05,0.820477306842804,34,2582.7847390174866,experimentos_pinn/modelos_salvos/modelo_cqnn_basic_n_qubits_4_k_3_n_vertex_9_n_l_3_seed_1924.pth,experimentos_pinn/historicos_loss/loss_cqnn_basic_n_qubits_4_k_3_n_vertex_9_n_l_3_seed_1924.json,6.287893484113738e-05,6.360892519296612e-05
CQNN,cqnn_basic,0.002,15000,None,basic,4,3,9,3,1925,cqnn_basic_n_qubits_4_k_3_n_vertex_9_n_l_3_seed_1925,1.0918060979747679e-05,0.21399396657943726,34,2582.495572090149,experimentos_pinn/modelos_salvos/modelo_cqnn_basic_n_qubits_4_k_3_n_vertex_9_n_l_3_seed_1925.pth,experimentos_pinn/historicos_loss/loss_cqnn_basic_n_qubits_4_k_3_n_vertex_9_n_l_3_seed_1925.json,1.5218948647088837e-05,1.531926307507092e-05
CQNN,cqnn_basic,0.002,15000,None,basic,4,3,9,3,1926,cqnn_basic_n_qubits_4_k_3_n_vertex_9_n_l_3_seed_1926,1.4227486644813325e-05,0.2788586914539337,34,2583.6392872333527,experimentos_pinn/modelos_salvos/modelo_cqnn_basic_n_qubits_4_k_3_n_vertex_9_n_l_3_seed_1926.pth,experimentos_pinn/historicos_loss/loss_cqnn_basic_n_qubits_4_k_3_n_vertex_9_n_l_3_seed_1926.json,2.839227090589702e-05,1.7897650268423602e-05
CQNN,cqnn_basic,0.002,15000,None,basic,4,3,12,1,1924,cqnn_basic_n_qubits_4_k_3_n_vertex_12_n_l_1_seed_1924,3.670399746624753e-05,0.7193983793258667,29,2467.349840402603,experimentos_pinn/modelos_salvos/modelo_cqnn_basic_n_qubits_4_k_3_n_vertex_12_n_l_1_seed_1924.pth,experimentos_pinn/historicos_loss/loss_cqnn_basic_n_qubits_4_k_3_n_vertex_12_n_l_1_seed_1924.json,5.0826074584620073e-05,5.131092359079048e-05
CQNN,cqnn_basic,0.002,15000,None,basic,4,3,12,1,1925,cqnn_basic_n_qubits_4_k_3_n_vertex_12_n_l_1_seed_1925,1.432908175047487e-05,0.2808499336242676,29,2467.1229598522186,experimentos_pinn/modelos_salvos/modelo_cqnn_basic_n_qubits_4_k_3_n_vertex_12_n_l_1_seed_1925.pth,experimentos_pinn/historicos_loss/loss_cqnn_basic_n_qubits_4_k_3_n_vertex_12_n_l_1_seed_1925.json,2.189588667533826e-05,2.200188951974269e-05
CQNN,cqnn_basic,0.002,15000,None,basic,4,3,12,1,1926,cqnn_basic_n_qubits_4_k_3_n_vertex_12_n_l_1_seed_1926,5.842677637701854e-05,1.1451648473739624,29,2464.983605146408,experimentos_pinn/modelos_salvos/modelo_cqnn_basic_n_qubits_4_k_3_n_vertex_12_n_l_1_seed_1926.pth,experimentos_pinn/historicos_loss/loss_cqnn_basic_n_qubits_4_k_3_n_vertex_12_n_l_1_seed_1926.json,7.908503903308883e-05,8.014340935915243e-05
CQNN,cqnn_basic,0.002,15000,None,basic,4,3,12,2,1924,cqnn_basic_n_qubits_4_k_3_n_vertex_12_n_l_2_seed_1924,3.20672188536264e-05,0.6285173892974854,33,2728.3851108551025,experimentos_pinn/modelos_salvos/modelo_cqnn_basic_n_qubits_4_k_3_n_vertex_12_n_l_2_seed_1924.pth,experimentos_pinn/historicos_loss/loss_cqnn_basic_n_qubits_4_k_3_n_vertex_12_n_l_2_seed_1924.json,4.616332080331631e-05,4.708438278612448e-05
CQNN,cqnn_basic,0.002,15000,None,basic,4,3,12,2,1925,cqnn_basic_n_qubits_4_k_3_n_vertex_12_n_l_2_seed_1925,3.697177817230113e-05,0.7246469855308533,33,2725.6826045513153,experimentos_pinn/modelos_salvos/modelo_cqnn_basic_n_qubits_4_k_3_n_vertex_12_n_l_2_seed_1925.pth,experimentos_pinn/historicos_loss/loss_cqnn_basic_n_qubits_4_k_3_n_vertex_12_n_l_2_seed_1925.json,5.635214256471954e-05,6.116054464655463e-05
CQNN,cqnn_basic,0.002,15000,None,basic,4,3,12,2,1926,cqnn_basic_n_qubits_4_k_3_n_vertex_12_n_l_2_seed_1926,1.0426508197269868e-05,0.20435954630374908,33,2730.268949508667,experimentos_pinn/modelos_salvos/modelo_cqnn_basic_n_qubits_4_k_3_n_vertex_12_n_l_2_seed_1926.pth,experimentos_pinn/historicos_loss/loss_cqnn_basic_n_qubits_4_k_3_n_vertex_12_n_l_2_seed_1926.json,1.5223565242195036e-05,1.6881603105503018e-05
CQNN,cqnn_basic,0.002,15000,None,basic,4,3,12,3,1924,cqnn_basic_n_qubits_4_k_3_n_vertex_12_n_l_3_seed_1924,3.23617277899757e-05,0.6342899203300476,37,2990.985053062439,experimentos_pinn/modelos_salvos/modelo_cqnn_basic_n_qubits_4_k_3_n_vertex_12_n_l_3_seed_1924.pth,experimentos_pinn/historicos_loss/loss_cqnn_basic_n_qubits_4_k_3_n_vertex_12_n_l_3_seed_1924.json,4.615713260136545e-05,4.69939742833958e-05
CQNN,cqnn_basic,0.002,15000,None,basic,4,3,12,3,1925,cqnn_basic_n_qubits_4_k_3_n_vertex_12_n_l_3_seed_1925,1.0547204510658048e-05,0.20672519505023956,37,2991.489732027054,experimentos_pinn/modelos_salvos/modelo_cqnn_basic_n_qubits_4_k_3_n_vertex_12_n_l_3_seed_1925.pth,experimentos_pinn/historicos_loss/loss_cqnn_basic_n_qubits_4_k_3_n_vertex_12_n_l_3_seed_1925.json,1.5173413885349873e-05,1.758194975082006e-05
CQNN,cqnn_basic,0.002,15000,None,basic,4,3,12,3,1926,cqnn_basic_n_qubits_4_k_3_n_vertex_12_n_l_3_seed_1926,1.0378480510553345e-05,0.20341815054416656,37,2990.4950511455536,experimentos_pinn/modelos_salvos/modelo_cqnn_basic_n_qubits_4_k_3_n_vertex_12_n_l_3_seed_1926.pth,experimentos_pinn/historicos_loss/loss_cqnn_basic_n_qubits_4_k_3_n_vertex_12_n_l_3_seed_1926.json,1.454368612030521e-05,1.4704212953802197e-05
CQNN,cqnn_basic,0.002,15000,None,basic,7,2,10,1,1924,cqnn_basic_n_qubits_7_k_2_n_vertex_10_n_l_1_seed_1924,1.2727915418508928e-05,0.24946711957454681,39,5355.855223894119,experimentos_pinn/modelos_salvos/modelo_cqnn_basic_n_qubits_7_k_2_n_vertex_10_n_l_1_seed_1924.pth,experimentos_pinn/historicos_loss/loss_cqnn_basic_n_qubits_7_k_2_n_vertex_10_n_l_1_seed_1924.json,1.963691829587333e-05,1.9682333131640917e-05
