model_type,run_id_prefix,model_class,activation,lr,epochs,entangler,hidden,blocks,n_qubits,n_layers,seed,run_id,mse_teste_normalizado,mse_teste_desnormalizado,num_params,training_time_sec,model_path,loss_history_path,final_total_loss,mean_last_100_loss
HQNN,hqnn_basic_mlp,MLP,Tanh(),0.002,15000,basic,3,1,2,1,1924,hqnn_basic_mlp_n_3_b_1_n_qubits_2_n_l_1_seed_1924,1.5705771147622727e-05,0.30783310532569885,22,646.5539772510529,experimentos_pinn/modelos_salvos/modelo_hqnn_basic_mlp_n_3_b_1_n_qubits_2_n_l_1_seed_1924.pth,experimentos_pinn/historicos_loss/loss_hqnn_basic_mlp_n_3_b_1_n_qubits_2_n_l_1_seed_1924.json,2.246961958007887e-05,2.2488610302389133e-05
HQNN,hqnn_basic_mlp,MLP,Tanh(),0.002,15000,basic,3,1,2,1,1925,hqnn_basic_mlp_n_3_b_1_n_qubits_2_n_l_1_seed_1925,9.509192750556394e-05,1.8638018369674683,22,646.8024883270264,experimentos_pinn/modelos_salvos/modelo_hqnn_basic_mlp_n_3_b_1_n_qubits_2_n_l_1_seed_1925.pth,experimentos_pinn/historicos_loss/loss_hqnn_basic_mlp_n_3_b_1_n_qubits_2_n_l_1_seed_1925.json,0.00012490614608395845,0.00012820940508390777
HQNN,hqnn_basic_mlp,MLP,Tanh(),0.002,15000,basic,3,1,2,1,1926,hqnn_basic_mlp_n_3_b_1_n_qubits_2_n_l_1_seed_1926,8.676846482558176e-05,1.7006621360778809,22,644.0706646442413,experimentos_pinn/modelos_salvos/modelo_hqnn_basic_mlp_n_3_b_1_n_qubits_2_n_l_1_seed_1926.pth,experimentos_pinn/historicos_loss/loss_hqnn_basic_mlp_n_3_b_1_n_qubits_2_n_l_1_seed_1926.json,0.000115056405775249,0.00011821988104202319
HQNN,hqnn_basic_mlp,MLP,Tanh(),0.002,15000,basic,3,1,2,2,1924,hqnn_basic_mlp_n_3_b_1_n_qubits_2_n_l_2_seed_1924,8.056525985011831e-05,1.5790791511535645,24,754.4179177284241,experimentos_pinn/modelos_salvos/modelo_hqnn_basic_mlp_n_3_b_1_n_qubits_2_n_l_2_seed_1924.pth,experimentos_pinn/historicos_loss/loss_hqnn_basic_mlp_n_3_b_1_n_qubits_2_n_l_2_seed_1924.json,0.0001068369674612768,0.00010749323300842661
HQNN,hqnn_basic_mlp,MLP,Tanh(),0.002,15000,basic,3,1,2,2,1925,hqnn_basic_mlp_n_3_b_1_n_qubits_2_n_l_2_seed_1925,5.987679469399154e-05,1.173585295677185,24,790.0559725761414,experimentos_pinn/modelos_salvos/modelo_hqnn_basic_mlp_n_3_b_1_n_qubits_2_n_l_2_seed_1925.pth,experimentos_pinn/historicos_loss/loss_hqnn_basic_mlp_n_3_b_1_n_qubits_2_n_l_2_seed_1925.json,8.289021934615448e-05,8.315428800415248e-05
HQNN,hqnn_basic_mlp,MLP,Tanh(),0.002,15000,basic,3,1,2,2,1926,hqnn_basic_mlp_n_3_b_1_n_qubits_2_n_l_2_seed_1926,9.607378888176754e-05,1.883046269416809,24,782.0105302333832,experimentos_pinn/modelos_salvos/modelo_hqnn_basic_mlp_n_3_b_1_n_qubits_2_n_l_2_seed_1926.pth,experimentos_pinn/historicos_loss/loss_hqnn_basic_mlp_n_3_b_1_n_qubits_2_n_l_2_seed_1926.json,0.00012626235547941178,0.0001262991619296372
HQNN,hqnn_basic_mlp,MLP,Tanh(),0.002,15000,basic,3,1,2,3,1924,hqnn_basic_mlp_n_3_b_1_n_qubits_2_n_l_3_seed_1924,1.702879490039777e-05,0.33376434445381165,26,889.6544132232666,experimentos_pinn/modelos_salvos/modelo_hqnn_basic_mlp_n_3_b_1_n_qubits_2_n_l_3_seed_1924.pth,experimentos_pinn/historicos_loss/loss_hqnn_basic_mlp_n_3_b_1_n_qubits_2_n_l_3_seed_1924.json,2.5015675419126637e-05,2.502692195776035e-05
HQNN,hqnn_basic_mlp,MLP,Tanh(),0.002,15000,basic,3,1,2,3,1925,hqnn_basic_mlp_n_3_b_1_n_qubits_2_n_l_3_seed_1925,0.00010661702253855765,2.089693784713745,26,816.3705081939697,experimentos_pinn/modelos_salvos/modelo_hqnn_basic_mlp_n_3_b_1_n_qubits_2_n_l_3_seed_1925.pth,experimentos_pinn/historicos_loss/loss_hqnn_basic_mlp_n_3_b_1_n_qubits_2_n_l_3_seed_1925.json,0.00014482463302556425,0.000147960449103266
HQNN,hqnn_basic_mlp,MLP,Tanh(),0.002,15000,basic,3,1,2,3,1926,hqnn_basic_mlp_n_3_b_1_n_qubits_2_n_l_3_seed_1926,0.00014726755034644157,2.886444568634033,26,856.9137058258057,experimentos_pinn/modelos_salvos/modelo_hqnn_basic_mlp_n_3_b_1_n_qubits_2_n_l_3_seed_1926.pth,experimentos_pinn/historicos_loss/loss_hqnn_basic_mlp_n_3_b_1_n_qubits_2_n_l_3_seed_1926.json,0.00020258685981389135,0.00021343549189623446
HQNN,hqnn_basic_mlp,MLP,Tanh(),0.002,15000,basic,3,1,2,5,1924,hqnn_basic_mlp_n_3_b_1_n_qubits_2_n_l_5_seed_1924,0.00011084230936830863,2.17250919342041,30,1025.8356461524963,experimentos_pinn/modelos_salvos/modelo_hqnn_basic_mlp_n_3_b_1_n_qubits_2_n_l_5_seed_1924.pth,experimentos_pinn/historicos_loss/loss_hqnn_basic_mlp_n_3_b_1_n_qubits_2_n_l_5_seed_1924.json,0.00014806420949753374,0.0001483625959372148
HQNN,hqnn_basic_mlp,MLP,Tanh(),0.002,15000,basic,3,1,2,5,1925,hqnn_basic_mlp_n_3_b_1_n_qubits_2_n_l_5_seed_1925,8.617797720944509e-05,1.6890885829925537,30,1054.4224200248718,experimentos_pinn/modelos_salvos/modelo_hqnn_basic_mlp_n_3_b_1_n_qubits_2_n_l_5_seed_1925.pth,experimentos_pinn/historicos_loss/loss_hqnn_basic_mlp_n_3_b_1_n_qubits_2_n_l_5_seed_1925.json,0.00011358437041053548,0.00011371032051101792
HQNN,hqnn_basic_mlp,MLP,Tanh(),0.002,15000,basic,3,1,2,5,1926,hqnn_basic_mlp_n_3_b_1_n_qubits_2_n_l_5_seed_1926,8.969464397523552e-05,1.7580152750015259,30,1021.556672334671,experimentos_pinn/modelos_salvos/modelo_hqnn_basic_mlp_n_3_b_1_n_qubits_2_n_l_5_seed_1926.pth,experimentos_pinn/historicos_loss/loss_hqnn_basic_mlp_n_3_b_1_n_qubits_2_n_l_5_seed_1926.json,0.00011735233420040458,0.00011742191709345207
HQNN,hqnn_basic_mlp,MLP,Tanh(),0.002,15000,basic,3,1,3,1,1924,hqnn_basic_mlp_n_3_b_1_n_qubits_3_n_l_1_seed_1924,0.0001328727084910497,2.6043055057525635,26,1232.3375463485718,experimentos_pinn/modelos_salvos/modelo_hqnn_basic_mlp_n_3_b_1_n_qubits_3_n_l_1_seed_1924.pth,experimentos_pinn/historicos_loss/loss_hqnn_basic_mlp_n_3_b_1_n_qubits_3_n_l_1_seed_1924.json,0.0001816977164708078,0.00018741362408036366
HQNN,hqnn_basic_mlp,MLP,Tanh(),0.002,15000,basic,3,1,3,1,1925,hqnn_basic_mlp_n_3_b_1_n_qubits_3_n_l_1_seed_1925,8.6791260400787e-05,1.701108694076538,26,1220.7293717861176,experimentos_pinn/modelos_salvos/modelo_hqnn_basic_mlp_n_3_b_1_n_qubits_3_n_l_1_seed_1925.pth,experimentos_pinn/historicos_loss/loss_hqnn_basic_mlp_n_3_b_1_n_qubits_3_n_l_1_seed_1925.json,0.00011555150558706373,0.00011571133392862976
HQNN,hqnn_basic_mlp,MLP,Tanh(),0.002,15000,basic,3,1,3,1,1926,hqnn_basic_mlp_n_3_b_1_n_qubits_3_n_l_1_seed_1926,0.00014402125088963658,2.8228163719177246,26,1210.6349534988403,experimentos_pinn/modelos_salvos/modelo_hqnn_basic_mlp_n_3_b_1_n_qubits_3_n_l_1_seed_1926.pth,experimentos_pinn/historicos_loss/loss_hqnn_basic_mlp_n_3_b_1_n_qubits_3_n_l_1_seed_1926.json,0.00019487814279273152,0.00019981184756034053
HQNN,hqnn_basic_mlp,MLP,Tanh(),0.002,15000,basic,3,1,3,2,1924,hqnn_basic_mlp_n_3_b_1_n_qubits_3_n_l_2_seed_1924,9.572667477186769e-05,1.876242995262146,29,1377.7001447677612,experimentos_pinn/modelos_salvos/modelo_hqnn_basic_mlp_n_3_b_1_n_qubits_3_n_l_2_seed_1924.pth,experimentos_pinn/historicos_loss/loss_hqnn_basic_mlp_n_3_b_1_n_qubits_3_n_l_2_seed_1924.json,0.000125992126413621,0.00012869411322753875
HQNN,hqnn_basic_mlp,MLP,Tanh(),0.002,15000,basic,3,1,3,2,1925,hqnn_basic_mlp_n_3_b_1_n_qubits_3_n_l_2_seed_1925,8.847883873386309e-05,1.7341852188110352,29,1372.1334524154663,experimentos_pinn/modelos_salvos/modelo_hqnn_basic_mlp_n_3_b_1_n_qubits_3_n_l_2_seed_1925.pth,experimentos_pinn/historicos_loss/loss_hqnn_basic_mlp_n_3_b_1_n_qubits_3_n_l_2_seed_1925.json,0.00011612042726483196,0.00011623752929153853
HQNN,hqnn_basic_mlp,MLP,Tanh(),0.002,15000,basic,3,1,3,2,1926,hqnn_basic_mlp_n_3_b_1_n_qubits_3_n_l_2_seed_1926,8.126854663714767e-05,1.5928635597229004,29,1392.772588968277,experimentos_pinn/modelos_salvos/modelo_hqnn_basic_mlp_n_3_b_1_n_qubits_3_n_l_2_seed_1926.pth,experimentos_pinn/historicos_loss/loss_hqnn_basic_mlp_n_3_b_1_n_qubits_3_n_l_2_seed_1926.json,0.00010938120976788923,0.00010858659152290784
HQNN,hqnn_basic_mlp,MLP,Tanh(),0.002,15000,basic,3,1,3,3,1924,hqnn_basic_mlp_n_3_b_1_n_qubits_3_n_l_3_seed_1924,7.270368951139972e-05,1.4249920845031738,32,1523.517168521881,experimentos_pinn/modelos_salvos/modelo_hqnn_basic_mlp_n_3_b_1_n_qubits_3_n_l_3_seed_1924.pth,experimentos_pinn/historicos_loss/loss_hqnn_basic_mlp_n_3_b_1_n_qubits_3_n_l_3_seed_1924.json,9.795714140636846e-05,9.444511750189121e-05
HQNN,hqnn_basic_mlp,MLP,Tanh(),0.002,15000,basic,3,1,3,3,1925,hqnn_basic_mlp_n_3_b_1_n_qubits_3_n_l_3_seed_1925,9.9733799288515e-05,1.9547826051712036,32,1544.6686744689941,experimentos_pinn/modelos_salvos/modelo_hqnn_basic_mlp_n_3_b_1_n_qubits_3_n_l_3_seed_1925.pth,experimentos_pinn/historicos_loss/loss_hqnn_basic_mlp_n_3_b_1_n_qubits_3_n_l_3_seed_1925.json,0.00013289425987750292,0.0001358785288175568
HQNN,hqnn_basic_mlp,MLP,Tanh(),0.002,15000,basic,3,1,3,3,1926,hqnn_basic_mlp_n_3_b_1_n_qubits_3_n_l_3_seed_1926,0.00010090733121614903,1.9777839183807373,32,1533.4000444412231,experimentos_pinn/modelos_salvos/modelo_hqnn_basic_mlp_n_3_b_1_n_qubits_3_n_l_3_seed_1926.pth,experimentos_pinn/historicos_loss/loss_hqnn_basic_mlp_n_3_b_1_n_qubits_3_n_l_3_seed_1926.json,0.00013477241736836731,0.00013553813871112653
HQNN,hqnn_basic_mlp,MLP,Tanh(),0.002,15000,basic,3,1,3,5,1924,hqnn_basic_mlp_n_3_b_1_n_qubits_3_n_l_5_seed_1924,1.6114727259264328e-05,0.3158486485481262,38,1925.094098329544,experimentos_pinn/modelos_salvos/modelo_hqnn_basic_mlp_n_3_b_1_n_qubits_3_n_l_5_seed_1924.pth,experimentos_pinn/historicos_loss/loss_hqnn_basic_mlp_n_3_b_1_n_qubits_3_n_l_5_seed_1924.json,2.3590597265865654e-05,2.60705814253015e-05
HQNN,hqnn_basic_mlp,MLP,Tanh(),0.002,15000,basic,3,1,3,5,1925,hqnn_basic_mlp_n_3_b_1_n_qubits_3_n_l_5_seed_1925,4.706511026597582e-05,0.922476053237915,38,1847.896592617035,experimentos_pinn/modelos_salvos/modelo_hqnn_basic_mlp_n_3_b_1_n_qubits_3_n_l_5_seed_1925.pth,experimentos_pinn/historicos_loss/loss_hqnn_basic_mlp_n_3_b_1_n_qubits_3_n_l_5_seed_1925.json,6.694611511193216e-05,7.345170371991116e-05
HQNN,hqnn_basic_mlp,MLP,Tanh(),0.002,15000,basic,3,1,3,5,1926,hqnn_basic_mlp_n_3_b_1_n_qubits_3_n_l_5_seed_1926,0.00015372225607279688,3.012956142425537,38,1873.5816042423248,experimentos_pinn/modelos_salvos/modelo_hqnn_basic_mlp_n_3_b_1_n_qubits_3_n_l_5_seed_1926.pth,experimentos_pinn/historicos_loss/loss_hqnn_basic_mlp_n_3_b_1_n_qubits_3_n_l_5_seed_1926.json,0.0002068509056698531,0.0002075940283248201
HQNN,hqnn_basic_mlp,MLP,Tanh(),0.002,15000,basic,3,3,2,1,1924,hqnn_basic_mlp_n_3_b_3_n_qubits_2_n_l_1_seed_1924,5.788477210444398e-06,0.11345415562391281,46,674.324196100235,experimentos_pinn/modelos_salvos/modelo_hqnn_basic_mlp_n_3_b_3_n_qubits_2_n_l_1_seed_1924.pth,experimentos_pinn/historicos_loss/loss_hqnn_basic_mlp_n_3_b_3_n_qubits_2_n_l_1_seed_1924.json,3.4189708912890637e-06,3.4596311411405622e-06
HQNN,hqnn_basic_mlp,MLP,Tanh(),0.002,15000,basic,3,3,2,1,1925,hqnn_basic_mlp_n_3_b_3_n_qubits_2_n_l_1_seed_1925,2.080994272546377e-05,0.40787485241889954,46,686.5946645736694,experimentos_pinn/modelos_salvos/modelo_hqnn_basic_mlp_n_3_b_3_n_qubits_2_n_l_1_seed_1925.pth,experimentos_pinn/historicos_loss/loss_hqnn_basic_mlp_n_3_b_3_n_qubits_2_n_l_1_seed_1925.json,2.8948759791092016e-05,2.924189417171874e-05
HQNN,hqnn_basic_mlp,MLP,Tanh(),0.002,15000,basic,3,3,2,1,1926,hqnn_basic_mlp_n_3_b_3_n_qubits_2_n_l_1_seed_1926,0.0002090076741296798,4.096550464630127,46,682.7100629806519,experimentos_pinn/modelos_salvos/modelo_hqnn_basic_mlp_n_3_b_3_n_qubits_2_n_l_1_seed_1926.pth,experimentos_pinn/historicos_loss/loss_hqnn_basic_mlp_n_3_b_3_n_qubits_2_n_l_1_seed_1926.json,0.00027437665266916156,0.0002749095414765179
HQNN,hqnn_basic_mlp,MLP,Tanh(),0.002,15000,basic,3,3,2,2,1924,hqnn_basic_mlp_n_3_b_3_n_qubits_2_n_l_2_seed_1924,6.051506261428585e-06,0.11860953271389008,48,747.8571331501007,experimentos_pinn/modelos_salvos/modelo_hqnn_basic_mlp_n_3_b_3_n_qubits_2_n_l_2_seed_1924.pth,experimentos_pinn/historicos_loss/loss_hqnn_basic_mlp_n_3_b_3_n_qubits_2_n_l_2_seed_1924.json,6.996480806265026e-06,7.0177991483433285e-06
HQNN,hqnn_basic_mlp,MLP,Tanh(),0.002,15000,basic,3,3,2,2,1925,hqnn_basic_mlp_n_3_b_3_n_qubits_2_n_l_2_seed_1925,5.316228634910658e-05,1.0419808626174927,48,747.0011920928955,experimentos_pinn/modelos_salvos/modelo_hqnn_basic_mlp_n_3_b_3_n_qubits_2_n_l_2_seed_1925.pth,experimentos_pinn/historicos_loss/loss_hqnn_basic_mlp_n_3_b_3_n_qubits_2_n_l_2_seed_1925.json,7.331970846280456e-05,7.368505801423453e-05
HQNN,hqnn_basic_mlp,MLP,Tanh(),0.002,15000,basic,3,3,2,2,1926,hqnn_basic_mlp_n_3_b_3_n_qubits_2_n_l_2_seed_1926,8.285624971904326e-06,0.16239826381206512,48,738.2188377380371,experimentos_pinn/modelos_salvos/modelo_hqnn_basic_mlp_n_3_b_3_n_qubits_2_n_l_2_seed_1926.pth,experimentos_pinn/historicos_loss/loss_hqnn_basic_mlp_n_3_b_3_n_qubits_2_n_l_2_seed_1926.json,8.534618245903403e-06,8.635707699795602e-06
HQNN,hqnn_basic_mlp,MLP,Tanh(),0.002,15000,basic,3,3,2,3,1924,hqnn_basic_mlp_n_3_b_3_n_qubits_2_n_l_3_seed_1924,1.9756811525439844e-05,0.3872334063053131,50,831.3015749454498,experimentos_pinn/modelos_salvos/modelo_hqnn_basic_mlp_n_3_b_3_n_qubits_2_n_l_3_seed_1924.pth,experimentos_pinn/historicos_loss/loss_hqnn_basic_mlp_n_3_b_3_n_qubits_2_n_l_3_seed_1924.json,2.7781199605669826e-05,2.11403797584353e-05
HQNN,hqnn_basic_mlp,MLP,Tanh(),0.002,15000,basic,3,3,2,3,1925,hqnn_basic_mlp_n_3_b_3_n_qubits_2_n_l_3_seed_1925,1.0495288734091446e-05,0.20570765435695648,50,821.7767610549927,experimentos_pinn/modelos_salvos/modelo_hqnn_basic_mlp_n_3_b_3_n_qubits_2_n_l_3_seed_1925.pth,experimentos_pinn/historicos_loss/loss_hqnn_basic_mlp_n_3_b_3_n_qubits_2_n_l_3_seed_1925.json,1.2854584383603651e-05,1.533023804768163e-05
HQNN,hqnn_basic_mlp,MLP,Tanh(),0.002,15000,basic,3,3,2,3,1926,hqnn_basic_mlp_n_3_b_3_n_qubits_2_n_l_3_seed_1926,1.2190387678856496e-05,0.2389315366744995,50,803.7878105640411,experimentos_pinn/modelos_salvos/modelo_hqnn_basic_mlp_n_3_b_3_n_qubits_2_n_l_3_seed_1926.pth,experimentos_pinn/historicos_loss/loss_hqnn_basic_mlp_n_3_b_3_n_qubits_2_n_l_3_seed_1926.json,1.5406998500111513e-05,1.5271580195985734e-05
HQNN,hqnn_basic_mlp,MLP,Tanh(),0.002,15000,basic,3,3,2,5,1924,hqnn_basic_mlp_n_3_b_3_n_qubits_2_n_l_5_seed_1924,1.0159095836570486e-05,0.19911830127239227,54,960.7480089664459,experimentos_pinn/modelos_salvos/modelo_hqnn_basic_mlp_n_3_b_3_n_qubits_2_n_l_5_seed_1924.pth,experimentos_pinn/historicos_loss/loss_hqnn_basic_mlp_n_3_b_3_n_qubits_2_n_l_5_seed_1924.json,1.2560347386170179e-05,1.5359848584921566e-05
HQNN,hqnn_basic_mlp,MLP,Tanh(),0.002,15000,basic,3,3,2,5,1925,hqnn_basic_mlp_n_3_b_3_n_qubits_2_n_l_5_seed_1925,4.933416857966222e-05,0.9669496417045593,54,971.6207571029663,experimentos_pinn/modelos_salvos/modelo_hqnn_basic_mlp_n_3_b_3_n_qubits_2_n_l_5_seed_1925.pth,experimentos_pinn/historicos_loss/loss_hqnn_basic_mlp_n_3_b_3_n_qubits_2_n_l_5_seed_1925.json,7.053833542158827e-05,8.629931005998514e-05
HQNN,hqnn_basic_mlp,MLP,Tanh(),0.002,15000,basic,3,3,2,5,1926,hqnn_basic_mlp_n_3_b_3_n_qubits_2_n_l_5_seed_1926,6.3127245084615424e-06,0.12372937798500061,54,966.126446723938,experimentos_pinn/modelos_salvos/modelo_hqnn_basic_mlp_n_3_b_3_n_qubits_2_n_l_5_seed_1926.pth,experimentos_pinn/historicos_loss/loss_hqnn_basic_mlp_n_3_b_3_n_qubits_2_n_l_5_seed_1926.json,6.443276106438134e-06,6.765319458281738e-06
HQNN,hqnn_basic_mlp,MLP,Tanh(),0.002,15000,basic,3,3,3,1,1924,hqnn_basic_mlp_n_3_b_3_n_qubits_3_n_l_1_seed_1924,0.00010656497033778578,2.0886735916137695,50,1191.9974129199982,experimentos_pinn/modelos_salvos/modelo_hqnn_basic_mlp_n_3_b_3_n_qubits_3_n_l_1_seed_1924.pth,experimentos_pinn/historicos_loss/loss_hqnn_basic_mlp_n_3_b_3_n_qubits_3_n_l_1_seed_1924.json,0.00013972246961202472,0.0001399138252600096
HQNN,hqnn_basic_mlp,MLP,Tanh(),0.002,15000,basic,3,3,3,1,1925,hqnn_basic_mlp_n_3_b_3_n_qubits_3_n_l_1_seed_1925,4.559764784062281e-05,0.8937140107154846,50,1190.063199520111,experimentos_pinn/modelos_salvos/modelo_hqnn_basic_mlp_n_3_b_3_n_qubits_3_n_l_1_seed_1925.pth,experimentos_pinn/historicos_loss/loss_hqnn_basic_mlp_n_3_b_3_n_qubits_3_n_l_1_seed_1925.json,6.303968984866515e-05,7.435137544234749e-05
HQNN,hqnn_basic_mlp,MLP,Tanh(),0.002,15000,basic,3,3,3,1,1926,hqnn_basic_mlp_n_3_b_3_n_qubits_3_n_l_1_seed_1926,9.790835974854417e-06,0.191900372505188,50,1191.904337644577,experimentos_pinn/modelos_salvos/modelo_hqnn_basic_mlp_n_3_b_3_n_qubits_3_n_l_1_seed_1926.pth,experimentos_pinn/historicos_loss/loss_hqnn_basic_mlp_n_3_b_3_n_qubits_3_n_l_1_seed_1926.json,1.1174665814905893e-05,1.547269575894461e-05
HQNN,hqnn_basic_mlp,MLP,Tanh(),0.002,15000,basic,3,3,3,2,1924,hqnn_basic_mlp_n_3_b_3_n_qubits_3_n_l_2_seed_1924,6.351403044391191e-06,0.12448751926422119,53,1321.6784806251526,experimentos_pinn/modelos_salvos/modelo_hqnn_basic_mlp_n_3_b_3_n_qubits_3_n_l_2_seed_1924.pth,experimentos_pinn/historicos_loss/loss_hqnn_basic_mlp_n_3_b_3_n_qubits_3_n_l_2_seed_1924.json,3.999437012680573e-06,4.031951584693161e-06
HQNN,hqnn_basic_mlp,MLP,Tanh(),0.002,15000,basic,3,3,3,2,1925,hqnn_basic_mlp_n_3_b_3_n_qubits_3_n_l_2_seed_1925,9.388301805302035e-06,0.18401066958904266,53,1350.0844357013702,experimentos_pinn/modelos_salvos/modelo_hqnn_basic_mlp_n_3_b_3_n_qubits_3_n_l_2_seed_1925.pth,experimentos_pinn/historicos_loss/loss_hqnn_basic_mlp_n_3_b_3_n_qubits_3_n_l_2_seed_1925.json,1.0400733117421623e-05,1.4748047151442734e-05
HQNN,hqnn_basic_mlp,MLP,Tanh(),0.002,15000,basic,3,3,3,2,1926,hqnn_basic_mlp_n_3_b_3_n_qubits_3_n_l_2_seed_1926,6.846876658528345e-06,0.13419876992702484,53,1339.8818452358246,experimentos_pinn/modelos_salvos/modelo_hqnn_basic_mlp_n_3_b_3_n_qubits_3_n_l_2_seed_1926.pth,experimentos_pinn/historicos_loss/loss_hqnn_basic_mlp_n_3_b_3_n_qubits_3_n_l_2_seed_1926.json,7.021555120445555e-06,7.0656076150044104e-06
HQNN,hqnn_basic_mlp,MLP,Tanh(),0.002,15000,basic,3,3,3,3,1924,hqnn_basic_mlp_n_3_b_3_n_qubits_3_n_l_3_seed_1924,6.844707968411967e-06,0.1341562718153,56,1452.6028666496277,experimentos_pinn/modelos_salvos/modelo_hqnn_basic_mlp_n_3_b_3_n_qubits_3_n_l_3_seed_1924.pth,experimentos_pinn/historicos_loss/loss_hqnn_basic_mlp_n_3_b_3_n_qubits_3_n_l_3_seed_1924.json,6.366809429891873e-06,6.411756585293915e-06
HQNN,hqnn_basic_mlp,MLP,Tanh(),0.002,15000,basic,3,3,3,3,1925,hqnn_basic_mlp_n_3_b_3_n_qubits_3_n_l_3_seed_1925,8.086671186902095e-06,0.15849871933460236,56,1456.6679909229279,experimentos_pinn/modelos_salvos/modelo_hqnn_basic_mlp_n_3_b_3_n_qubits_3_n_l_3_seed_1925.pth,experimentos_pinn/historicos_loss/loss_hqnn_basic_mlp_n_3_b_3_n_qubits_3_n_l_3_seed_1925.json,8.433913535554893e-06,8.461737070319942e-06
HQNN,hqnn_basic_mlp,MLP,Tanh(),0.002,15000,basic,3,3,3,3,1926,hqnn_basic_mlp_n_3_b_3_n_qubits_3_n_l_3_seed_1926,7.39035658625653e-06,0.1448509842157364,56,1467.378501176834,experimentos_pinn/modelos_salvos/modelo_hqnn_basic_mlp_n_3_b_3_n_qubits_3_n_l_3_seed_1926.pth,experimentos_pinn/historicos_loss/loss_hqnn_basic_mlp_n_3_b_3_n_qubits_3_n_l_3_seed_1926.json,7.389471647911705e-06,7.4261867257519045e-06
HQNN,hqnn_basic_mlp,MLP,Tanh(),0.002,15000,basic,3,3,3,5,1924,hqnn_basic_mlp_n_3_b_3_n_qubits_3_n_l_5_seed_1924,7.247622761497041e-06,0.14205339550971985,62,1759.6895201206207,experimentos_pinn/modelos_salvos/modelo_hqnn_basic_mlp_n_3_b_3_n_qubits_3_n_l_5_seed_1924.pth,experimentos_pinn/historicos_loss/loss_hqnn_basic_mlp_n_3_b_3_n_qubits_3_n_l_5_seed_1924.json,8.242011062975507e-06,8.431616643065353e-06
HQNN,hqnn_basic_mlp,MLP,Tanh(),0.002,15000,basic,3,3,3,5,1925,hqnn_basic_mlp_n_3_b_3_n_qubits_3_n_l_5_seed_1925,9.517648322798777e-06,0.18654590845108032,62,1758.517051935196,experimentos_pinn/modelos_salvos/modelo_hqnn_basic_mlp_n_3_b_3_n_qubits_3_n_l_5_seed_1925.pth,experimentos_pinn/historicos_loss/loss_hqnn_basic_mlp_n_3_b_3_n_qubits_3_n_l_5_seed_1925.json,1.2065609553246759e-05,1.2084963700544903e-05
HQNN,hqnn_basic_mlp,MLP,Tanh(),0.002,15000,basic,3,3,3,5,1926,hqnn_basic_mlp_n_3_b_3_n_qubits_3_n_l_5_seed_1926,2.2645148419542238e-05,0.44384491443634033,62,1753.3180210590363,experimentos_pinn/modelos_salvos/modelo_hqnn_basic_mlp_n_3_b_3_n_qubits_3_n_l_5_seed_1926.pth,experimentos_pinn/historicos_loss/loss_hqnn_basic_mlp_n_3_b_3_n_qubits_3_n_l_5_seed_1926.json,3.163793371641077e-05,3.179178071150091e-05
HQNN,hqnn_basic_mlp,MLP,Tanh(),0.002,15000,basic,5,1,2,1,1924,hqnn_basic_mlp_n_5_b_1_n_qubits_2_n_l_1_seed_1924,9.127655357588083e-05,1.7890204191207886,30,650.368880033493,experimentos_pinn/modelos_salvos/modelo_hqnn_basic_mlp_n_5_b_1_n_qubits_2_n_l_1_seed_1924.pth,experimentos_pinn/historicos_loss/loss_hqnn_basic_mlp_n_5_b_1_n_qubits_2_n_l_1_seed_1924.json,0.00011926603474421427,0.00011931408473174087
HQNN,hqnn_basic_mlp,MLP,Tanh(),0.002,15000,basic,5,1,2,1,1925,hqnn_basic_mlp_n_5_b_1_n_qubits_2_n_l_1_seed_1925,9.030995715875179e-05,1.7700754404067993,30,648.7678525447845,experimentos_pinn/modelos_salvos/modelo_hqnn_basic_mlp_n_5_b_1_n_qubits_2_n_l_1_seed_1925.pth,experimentos_pinn/historicos_loss/loss_hqnn_basic_mlp_n_5_b_1_n_qubits_2_n_l_1_seed_1925.json,0.00011830330186057836,0.0001184973450290272
HQNN,hqnn_basic_mlp,MLP,Tanh(),0.002,15000,basic,5,1,2,1,1926,hqnn_basic_mlp_n_5_b_1_n_qubits_2_n_l_1_seed_1926,9.29058514884673e-05,1.8209549188613892,30,654.8398160934448,experimentos_pinn/modelos_salvos/modelo_hqnn_basic_mlp_n_5_b_1_n_qubits_2_n_l_1_seed_1926.pth,experimentos_pinn/historicos_loss/loss_hqnn_basic_mlp_n_5_b_1_n_qubits_2_n_l_1_seed_1926.json,0.00012110431998735294,0.00012115204670408275
HQNN,hqnn_basic_mlp,MLP,Tanh(),0.002,15000,basic,5,1,2,2,1924,hqnn_basic_mlp_n_5_b_1_n_qubits_2_n_l_2_seed_1924,3.992249912698753e-05,0.7824810147285461,32,711.7189433574677,experimentos_pinn/modelos_salvos/modelo_hqnn_basic_mlp_n_5_b_1_n_qubits_2_n_l_2_seed_1924.pth,experimentos_pinn/historicos_loss/loss_hqnn_basic_mlp_n_5_b_1_n_qubits_2_n_l_2_seed_1924.json,5.615624468191527e-05,5.6749952709651555e-05
HQNN,hqnn_basic_mlp,MLP,Tanh(),0.002,15000,basic,5,1,2,2,1925,hqnn_basic_mlp_n_5_b_1_n_qubits_2_n_l_2_seed_1925,9.505694470135495e-05,1.8631161451339722,32,714.0712192058563,experimentos_pinn/modelos_salvos/modelo_hqnn_basic_mlp_n_5_b_1_n_qubits_2_n_l_2_seed_1925.pth,experimentos_pinn/historicos_loss/loss_hqnn_basic_mlp_n_5_b_1_n_qubits_2_n_l_2_seed_1925.json,0.00012405104644130915,0.00012412272320943884
HQNN,hqnn_basic_mlp,MLP,Tanh(),0.002,15000,basic,5,1,2,2,1926,hqnn_basic_mlp_n_5_b_1_n_qubits_2_n_l_2_seed_1926,9.619003685656935e-05,1.8853248357772827,32,713.0346388816833,experimentos_pinn/modelos_salvos/modelo_hqnn_basic_mlp_n_5_b_1_n_qubits_2_n_l_2_seed_1926.pth,experimentos_pinn/historicos_loss/loss_hqnn_basic_mlp_n_5_b_1_n_qubits_2_n_l_2_seed_1926.json,0.00012627137766685337,0.0001250305132998619
HQNN,hqnn_basic_mlp,MLP,Tanh(),0.002,15000,basic,5,1,2,3,1924,hqnn_basic_mlp_n_5_b_1_n_qubits_2_n_l_3_seed_1924,2.073659561574459e-05,0.4064372479915619,34,783.613445520401,experimentos_pinn/modelos_salvos/modelo_hqnn_basic_mlp_n_5_b_1_n_qubits_2_n_l_3_seed_1924.pth,experimentos_pinn/historicos_loss/loss_hqnn_basic_mlp_n_5_b_1_n_qubits_2_n_l_3_seed_1924.json,3.3101645385613665e-05,3.56559183637728e-05
HQNN,hqnn_basic_mlp,MLP,Tanh(),0.002,15000,basic,5,1,2,3,1925,hqnn_basic_mlp_n_5_b_1_n_qubits_2_n_l_3_seed_1925,4.7594847274012864e-05,0.9328591227531433,34,791.3443772792816,experimentos_pinn/modelos_salvos/modelo_hqnn_basic_mlp_n_5_b_1_n_qubits_2_n_l_3_seed_1925.pth,experimentos_pinn/historicos_loss/loss_hqnn_basic_mlp_n_5_b_1_n_qubits_2_n_l_3_seed_1925.json,6.506754289148375e-05,6.558856053743511e-05
HQNN,hqnn_basic_mlp,MLP,Tanh(),0.002,15000,basic,5,1,2,3,1926,hqnn_basic_mlp_n_5_b_1_n_qubits_2_n_l_3_seed_1926,8.035853534238413e-05,1.5750274658203125,34,782.1225161552429,experimentos_pinn/modelos_salvos/modelo_hqnn_basic_mlp_n_5_b_1_n_qubits_2_n_l_3_seed_1926.pth,experimentos_pinn/historicos_loss/loss_hqnn_basic_mlp_n_5_b_1_n_qubits_2_n_l_3_seed_1926.json,0.00010639367246767506,0.00010658357758074998
HQNN,hqnn_basic_mlp,MLP,Tanh(),0.002,15000,basic,5,1,2,5,1924,hqnn_basic_mlp_n_5_b_1_n_qubits_2_n_l_5_seed_1924,1.500975758972345e-05,0.29419127106666565,38,923.9527933597565,experimentos_pinn/modelos_salvos/modelo_hqnn_basic_mlp_n_5_b_1_n_qubits_2_n_l_5_seed_1924.pth,experimentos_pinn/historicos_loss/loss_hqnn_basic_mlp_n_5_b_1_n_qubits_2_n_l_5_seed_1924.json,2.1577496227109805e-05,2.371043663515593e-05
HQNN,hqnn_basic_mlp,MLP,Tanh(),0.002,15000,basic,5,1,2,5,1925,hqnn_basic_mlp_n_5_b_1_n_qubits_2_n_l_5_seed_1925,9.285657870350406e-05,1.8199888467788696,38,937.1120698451996,experimentos_pinn/modelos_salvos/modelo_hqnn_basic_mlp_n_5_b_1_n_qubits_2_n_l_5_seed_1925.pth,experimentos_pinn/historicos_loss/loss_hqnn_basic_mlp_n_5_b_1_n_qubits_2_n_l_5_seed_1925.json,0.00012201612844364718,0.00012669367417402099
HQNN,hqnn_basic_mlp,MLP,Tanh(),0.002,15000,basic,5,1,2,5,1926,hqnn_basic_mlp_n_5_b_1_n_qubits_2_n_l_5_seed_1926,4.84396077808924e-05,0.9494162797927856,38,919.7873821258545,experimentos_pinn/modelos_salvos/modelo_hqnn_basic_mlp_n_5_b_1_n_qubits_2_n_l_5_seed_1926.pth,experimentos_pinn/historicos_loss/loss_hqnn_basic_mlp_n_5_b_1_n_qubits_2_n_l_5_seed_1926.json,6.724585546180606e-05,6.783344157156535e-05
HQNN,hqnn_basic_mlp,MLP,Tanh(),0.002,15000,basic,5,1,3,1,1924,hqnn_basic_mlp_n_5_b_1_n_qubits_3_n_l_1_seed_1924,1.628071186132729e-05,0.3191019296646118,34,1173.8590655326843,experimentos_pinn/modelos_salvos/modelo_hqnn_basic_mlp_n_5_b_1_n_qubits_3_n_l_1_seed_1924.pth,experimentos_pinn/historicos_loss/loss_hqnn_basic_mlp_n_5_b_1_n_qubits_3_n_l_1_seed_1924.json,2.698315256566275e-05,3.161832682962995e-05
HQNN,hqnn_basic_mlp,MLP,Tanh(),0.002,15000,basic,5,1,3,1,1925,hqnn_basic_mlp_n_5_b_1_n_qubits_3_n_l_1_seed_1925,9.13923722691834e-05,1.7912904024124146,34,1184.3811695575714,experimentos_pinn/modelos_salvos/modelo_hqnn_basic_mlp_n_5_b_1_n_qubits_3_n_l_1_seed_1925.pth,experimentos_pinn/historicos_loss/loss_hqnn_basic_mlp_n_5_b_1_n_qubits_3_n_l_1_seed_1925.json,0.00011929813626920804,0.0001222375036741141
HQNN,hqnn_basic_mlp,MLP,Tanh(),0.002,15000,basic,5,1,3,1,1926,hqnn_basic_mlp_n_5_b_1_n_qubits_3_n_l_1_seed_1926,9.464912727707997e-05,1.8551230430603027,34,1179.3040993213654,experimentos_pinn/modelos_salvos/modelo_hqnn_basic_mlp_n_5_b_1_n_qubits_3_n_l_1_seed_1926.pth,experimentos_pinn/historicos_loss/loss_hqnn_basic_mlp_n_5_b_1_n_qubits_3_n_l_1_seed_1926.json,0.00012327279546298087,0.00012775752606103197
HQNN,hqnn_basic_mlp,MLP,Tanh(),0.002,15000,basic,5,1,3,2,1924,hqnn_basic_mlp_n_5_b_1_n_qubits_3_n_l_2_seed_1924,6.921640306245536e-05,1.3566416501998901,37,1317.0848851203918,experimentos_pinn/modelos_salvos/modelo_hqnn_basic_mlp_n_5_b_1_n_qubits_3_n_l_2_seed_1924.pth,experimentos_pinn/historicos_loss/loss_hqnn_basic_mlp_n_5_b_1_n_qubits_3_n_l_2_seed_1924.json,9.612010035198182e-05,9.686256031272933e-05
HQNN,hqnn_basic_mlp,MLP,Tanh(),0.002,15000,basic,5,1,3,2,1925,hqnn_basic_mlp_n_5_b_1_n_qubits_3_n_l_2_seed_1925,6.550659600179642e-05,1.283929467201233,37,1313.6749455928802,experimentos_pinn/modelos_salvos/modelo_hqnn_basic_mlp_n_5_b_1_n_qubits_3_n_l_2_seed_1925.pth,experimentos_pinn/historicos_loss/loss_hqnn_basic_mlp_n_5_b_1_n_qubits_3_n_l_2_seed_1925.json,8.767377585172653e-05,9.093797292734962e-05
HQNN,hqnn_basic_mlp,MLP,Tanh(),0.002,15000,basic,5,1,3,2,1926,hqnn_basic_mlp_n_5_b_1_n_qubits_3_n_l_2_seed_1926,1.6188207155209966e-05,0.3172888457775116,37,1309.862381219864,experimentos_pinn/modelos_salvos/modelo_hqnn_basic_mlp_n_5_b_1_n_qubits_3_n_l_2_seed_1926.pth,experimentos_pinn/historicos_loss/loss_hqnn_basic_mlp_n_5_b_1_n_qubits_3_n_l_2_seed_1926.json,3.522489714669064e-05,2.6415029678901193e-05
HQNN,hqnn_basic_mlp,MLP,Tanh(),0.002,15000,basic,5,1,3,3,1924,hqnn_basic_mlp_n_5_b_1_n_qubits_3_n_l_3_seed_1924,3.558700336725451e-05,0.6975051760673523,40,1456.5167741775513,experimentos_pinn/modelos_salvos/modelo_hqnn_basic_mlp_n_5_b_1_n_qubits_3_n_l_3_seed_1924.pth,experimentos_pinn/historicos_loss/loss_hqnn_basic_mlp_n_5_b_1_n_qubits_3_n_l_3_seed_1924.json,5.366127152228728e-05,5.058691662270576e-05
HQNN,hqnn_basic_mlp,MLP,Tanh(),0.002,15000,basic,5,1,3,3,1925,hqnn_basic_mlp_n_5_b_1_n_qubits_3_n_l_3_seed_1925,9.800559200812131e-05,1.9209095239639282,40,1483.345193862915,experimentos_pinn/modelos_salvos/modelo_hqnn_basic_mlp_n_5_b_1_n_qubits_3_n_l_3_seed_1925.pth,experimentos_pinn/historicos_loss/loss_hqnn_basic_mlp_n_5_b_1_n_qubits_3_n_l_3_seed_1925.json,0.00012866946053691208,0.00013227673756773583
HQNN,hqnn_basic_mlp,MLP,Tanh(),0.002,15000,basic,5,1,3,3,1926,hqnn_basic_mlp_n_5_b_1_n_qubits_3_n_l_3_seed_1926,9.92792411125265e-05,1.9458733797073364,40,1488.3821184635162,experimentos_pinn/modelos_salvos/modelo_hqnn_basic_mlp_n_5_b_1_n_qubits_3_n_l_3_seed_1926.pth,experimentos_pinn/historicos_loss/loss_hqnn_basic_mlp_n_5_b_1_n_qubits_3_n_l_3_seed_1926.json,0.00013160872913431376,0.00013183882285375148
HQNN,hqnn_basic_mlp,MLP,Tanh(),0.002,15000,basic,5,1,3,5,1924,hqnn_basic_mlp_n_5_b_1_n_qubits_3_n_l_5_seed_1924,1.385006180498749e-05,0.27146124839782715,46,1884.03985953331,experimentos_pinn/modelos_salvos/modelo_hqnn_basic_mlp_n_5_b_1_n_qubits_3_n_l_5_seed_1924.pth,experimentos_pinn/historicos_loss/loss_hqnn_basic_mlp_n_5_b_1_n_qubits_3_n_l_5_seed_1924.json,2.0408257114468142e-05,2.0443686189537402e-05
HQNN,hqnn_basic_mlp,MLP,Tanh(),0.002,15000,basic,5,1,3,5,1925,hqnn_basic_mlp_n_5_b_1_n_qubits_3_n_l_5_seed_1925,8.661495667183772e-05,1.6976531744003296,46,1907.7507853507996,experimentos_pinn/modelos_salvos/modelo_hqnn_basic_mlp_n_5_b_1_n_qubits_3_n_l_5_seed_1925.pth,experimentos_pinn/historicos_loss/loss_hqnn_basic_mlp_n_5_b_1_n_qubits_3_n_l_5_seed_1925.json,0.00011421567614888772,0.00011460481931862887
HQNN,hqnn_basic_mlp,MLP,Tanh(),0.002,15000,basic,5,1,3,5,1926,hqnn_basic_mlp_n_5_b_1_n_qubits_3_n_l_5_seed_1926,5.894685091334395e-05,1.1553581953048706,46,1891.935533285141,experimentos_pinn/modelos_salvos/modelo_hqnn_basic_mlp_n_5_b_1_n_qubits_3_n_l_5_seed_1926.pth,experimentos_pinn/historicos_loss/loss_hqnn_basic_mlp_n_5_b_1_n_qubits_3_n_l_5_seed_1926.json,8.124492887873203e-05,8.530212537152693e-05
HQNN,hqnn_basic_mlp,MLP,Tanh(),0.002,15000,basic,5,3,2,1,1924,hqnn_basic_mlp_n_5_b_3_n_qubits_2_n_l_1_seed_1924,7.543024366896134e-06,0.14784327149391174,90,702.0330345630646,experimentos_pinn/modelos_salvos/modelo_hqnn_basic_mlp_n_5_b_3_n_qubits_2_n_l_1_seed_1924.pth,experimentos_pinn/historicos_loss/loss_hqnn_basic_mlp_n_5_b_3_n_qubits_2_n_l_1_seed_1924.json,8.237981091951951e-06,8.398691834372585e-06
HQNN,hqnn_basic_mlp,MLP,Tanh(),0.002,15000,basic,5,3,2,1,1925,hqnn_basic_mlp_n_5_b_3_n_qubits_2_n_l_1_seed_1925,8.740148587094154e-06,0.17130695283412933,90,687.5780878067017,experimentos_pinn/modelos_salvos/modelo_hqnn_basic_mlp_n_5_b_3_n_qubits_2_n_l_1_seed_1925.pth,experimentos_pinn/historicos_loss/loss_hqnn_basic_mlp_n_5_b_3_n_qubits_2_n_l_1_seed_1925.json,1.042443182086572e-05,1.0439962661621394e-05
HQNN,hqnn_basic_mlp,MLP,Tanh(),0.002,15000,basic,5,3,2,1,1926,hqnn_basic_mlp_n_5_b_3_n_qubits_2_n_l_1_seed_1926,3.4517001040512696e-05,0.6765332221984863,90,710.6210474967957,experimentos_pinn/modelos_salvos/modelo_hqnn_basic_mlp_n_5_b_3_n_qubits_2_n_l_1_seed_1926.pth,experimentos_pinn/historicos_loss/loss_hqnn_basic_mlp_n_5_b_3_n_qubits_2_n_l_1_seed_1926.json,5.314265581546351e-05,5.603413625067333e-05
HQNN,hqnn_basic_mlp,MLP,Tanh(),0.002,15000,basic,5,3,2,2,1924,hqnn_basic_mlp_n_5_b_3_n_qubits_2_n_l_2_seed_1924,1.1928574167541228e-05,0.2338000237941742,92,787.5888664722443,experimentos_pinn/modelos_salvos/modelo_hqnn_basic_mlp_n_5_b_3_n_qubits_2_n_l_2_seed_1924.pth,experimentos_pinn/historicos_loss/loss_hqnn_basic_mlp_n_5_b_3_n_qubits_2_n_l_2_seed_1924.json,1.857751703937538e-05,1.9075936725130303e-05
HQNN,hqnn_basic_mlp,MLP,Tanh(),0.002,15000,basic,5,3,2,2,1925,hqnn_basic_mlp_n_5_b_3_n_qubits_2_n_l_2_seed_1925,6.1349082898232155e-06,0.12024420499801636,92,771.7496507167816,experimentos_pinn/modelos_salvos/modelo_hqnn_basic_mlp_n_5_b_3_n_qubits_2_n_l_2_seed_1925.pth,experimentos_pinn/historicos_loss/loss_hqnn_basic_mlp_n_5_b_3_n_qubits_2_n_l_2_seed_1925.json,2.5800668481679168e-06,6.1334058159445705e-06
HQNN,hqnn_basic_mlp,MLP,Tanh(),0.002,15000,basic,5,3,2,2,1926,hqnn_basic_mlp_n_5_b_3_n_qubits_2_n_l_2_seed_1926,6.943746939214179e-06,0.13609743118286133,92,786.5036752223969,experimentos_pinn/modelos_salvos/modelo_hqnn_basic_mlp_n_5_b_3_n_qubits_2_n_l_2_seed_1926.pth,experimentos_pinn/historicos_loss/loss_hqnn_basic_mlp_n_5_b_3_n_qubits_2_n_l_2_seed_1926.json,5.853838501934661e-06,5.954138364359096e-06
HQNN,hqnn_basic_mlp,MLP,Tanh(),0.002,15000,basic,5,3,2,3,1924,hqnn_basic_mlp_n_5_b_3_n_qubits_2_n_l_3_seed_1924,6.379764727171278e-06,0.1250433623790741,94,899.613734960556,experimentos_pinn/modelos_salvos/modelo_hqnn_basic_mlp_n_5_b_3_n_qubits_2_n_l_3_seed_1924.pth,experimentos_pinn/historicos_loss/loss_hqnn_basic_mlp_n_5_b_3_n_qubits_2_n_l_3_seed_1924.json,5.719558430428151e-06,5.83054282287776e-06
HQNN,hqnn_basic_mlp,MLP,Tanh(),0.002,15000,basic,5,3,2,3,1925,hqnn_basic_mlp_n_5_b_3_n_qubits_2_n_l_3_seed_1925,9.619609045330435e-06,0.18854428827762604,94,866.6579895019531,experimentos_pinn/modelos_salvos/modelo_hqnn_basic_mlp_n_5_b_3_n_qubits_2_n_l_3_seed_1925.pth,experimentos_pinn/historicos_loss/loss_hqnn_basic_mlp_n_5_b_3_n_qubits_2_n_l_3_seed_1925.json,1.1614652976277284e-05,1.1622525062193744e-05
HQNN,hqnn_basic_mlp,MLP,Tanh(),0.002,15000,basic,5,3,2,3,1926,hqnn_basic_mlp_n_5_b_3_n_qubits_2_n_l_3_seed_1926,9.669425344327465e-05,1.8952075242996216,94,870.3299989700317,experimentos_pinn/modelos_salvos/modelo_hqnn_basic_mlp_n_5_b_3_n_qubits_2_n_l_3_seed_1926.pth,experimentos_pinn/historicos_loss/loss_hqnn_basic_mlp_n_5_b_3_n_qubits_2_n_l_3_seed_1926.json,0.0001318696013186127,0.00014803640122408978
HQNN,hqnn_basic_mlp,MLP,Tanh(),0.002,15000,basic,5,3,2,5,1924,hqnn_basic_mlp_n_5_b_3_n_qubits_2_n_l_5_seed_1924,7.54775246605277e-05,1.4793593883514404,98,1066.145719051361,experimentos_pinn/modelos_salvos/modelo_hqnn_basic_mlp_n_5_b_3_n_qubits_2_n_l_5_seed_1924.pth,experimentos_pinn/historicos_loss/loss_hqnn_basic_mlp_n_5_b_3_n_qubits_2_n_l_5_seed_1924.json,0.00010005855438066646,0.00010049298623926006
HQNN,hqnn_basic_mlp,MLP,Tanh(),0.002,15000,basic,5,3,2,5,1925,hqnn_basic_mlp_n_5_b_3_n_qubits_2_n_l_5_seed_1925,1.187647103506606e-05,0.23277881741523743,98,1090.531931400299,experimentos_pinn/modelos_salvos/modelo_hqnn_basic_mlp_n_5_b_3_n_qubits_2_n_l_5_seed_1925.pth,experimentos_pinn/historicos_loss/loss_hqnn_basic_mlp_n_5_b_3_n_qubits_2_n_l_5_seed_1925.json,1.568145125929732e-05,1.5675494923925727e-05
HQNN,hqnn_basic_mlp,MLP,Tanh(),0.002,15000,basic,5,3,2,5,1926,hqnn_basic_mlp_n_5_b_3_n_qubits_2_n_l_5_seed_1926,7.1627491706749424e-06,0.1403898447751999,98,1047.7838606834412,experimentos_pinn/modelos_salvos/modelo_hqnn_basic_mlp_n_5_b_3_n_qubits_2_n_l_5_seed_1926.pth,experimentos_pinn/historicos_loss/loss_hqnn_basic_mlp_n_5_b_3_n_qubits_2_n_l_5_seed_1926.json,6.395436230377527e-06,6.598555492018932e-06
HQNN,hqnn_basic_mlp,MLP,Tanh(),0.002,15000,basic,5,3,3,1,1924,hqnn_basic_mlp_n_5_b_3_n_qubits_3_n_l_1_seed_1924,1.475951103202533e-05,0.28928640484809875,94,1226.856904745102,experimentos_pinn/modelos_salvos/modelo_hqnn_basic_mlp_n_5_b_3_n_qubits_3_n_l_1_seed_1924.pth,experimentos_pinn/historicos_loss/loss_hqnn_basic_mlp_n_5_b_3_n_qubits_3_n_l_1_seed_1924.json,1.986366623896174e-05,2.0036768855788978e-05
HQNN,hqnn_basic_mlp,MLP,Tanh(),0.002,15000,basic,5,3,3,1,1925,hqnn_basic_mlp_n_5_b_3_n_qubits_3_n_l_1_seed_1925,8.6742529674666e-06,0.1700153648853302,94,1241.517123222351,experimentos_pinn/modelos_salvos/modelo_hqnn_basic_mlp_n_5_b_3_n_qubits_3_n_l_1_seed_1925.pth,experimentos_pinn/historicos_loss/loss_hqnn_basic_mlp_n_5_b_3_n_qubits_3_n_l_1_seed_1925.json,9.176774256047793e-06,9.198131429002388e-06
HQNN,hqnn_basic_mlp,MLP,Tanh(),0.002,15000,basic,5,3,3,1,1926,hqnn_basic_mlp_n_5_b_3_n_qubits_3_n_l_1_seed_1926,7.24081974112778e-06,0.1419200450181961,94,1236.0357811450958,experimentos_pinn/modelos_salvos/modelo_hqnn_basic_mlp_n_5_b_3_n_qubits_3_n_l_1_seed_1926.pth,experimentos_pinn/historicos_loss/loss_hqnn_basic_mlp_n_5_b_3_n_qubits_3_n_l_1_seed_1926.json,7.2727029873931315e-06,7.695840022279299e-06
HQNN,hqnn_basic_mlp,MLP,Tanh(),0.002,15000,basic,5,3,3,2,1924,hqnn_basic_mlp_n_5_b_3_n_qubits_3_n_l_2_seed_1924,6.133564966148697e-06,0.12021785974502563,97,1389.426049232483,experimentos_pinn/modelos_salvos/modelo_hqnn_basic_mlp_n_5_b_3_n_qubits_3_n_l_2_seed_1924.pth,experimentos_pinn/historicos_loss/loss_hqnn_basic_mlp_n_5_b_3_n_qubits_3_n_l_2_seed_1924.json,1.6802978279883973e-06,3.624844814567041e-06
HQNN,hqnn_basic_mlp,MLP,Tanh(),0.002,15000,basic,5,3,3,2,1925,hqnn_basic_mlp_n_5_b_3_n_qubits_3_n_l_2_seed_1925,1.5404106306959875e-05,0.3019205331802368,97,1380.3961930274963,experimentos_pinn/modelos_salvos/modelo_hqnn_basic_mlp_n_5_b_3_n_qubits_3_n_l_2_seed_1925.pth,experimentos_pinn/historicos_loss/loss_hqnn_basic_mlp_n_5_b_3_n_qubits_3_n_l_2_seed_1925.json,3.58170218532905e-05,1.0271959172314383e-05
HQNN,hqnn_basic_mlp,MLP,Tanh(),0.002,15000,basic,5,3,3,2,1926,hqnn_basic_mlp_n_5_b_3_n_qubits_3_n_l_2_seed_1926,6.431892870750744e-06,0.12606507539749146,97,1367.4096298217773,experimentos_pinn/modelos_salvos/modelo_hqnn_basic_mlp_n_5_b_3_n_qubits_3_n_l_2_seed_1926.pth,experimentos_pinn/historicos_loss/loss_hqnn_basic_mlp_n_5_b_3_n_qubits_3_n_l_2_seed_1926.json,2.8180459139548475e-06,6.714660219131474e-06
HQNN,hqnn_basic_mlp,MLP,Tanh(),0.002,15000,basic,5,3,3,3,1924,hqnn_basic_mlp_n_5_b_3_n_qubits_3_n_l_3_seed_1924,5.527110261027701e-06,0.1083313599228859,100,1503.7800045013428,experimentos_pinn/modelos_salvos/modelo_hqnn_basic_mlp_n_5_b_3_n_qubits_3_n_l_3_seed_1924.pth,experimentos_pinn/historicos_loss/loss_hqnn_basic_mlp_n_5_b_3_n_qubits_3_n_l_3_seed_1924.json,2.418968506390229e-06,2.4572087500018822e-06
HQNN,hqnn_basic_mlp,MLP,Tanh(),0.002,15000,basic,5,3,3,3,1925,hqnn_basic_mlp_n_5_b_3_n_qubits_3_n_l_3_seed_1925,8.45674003357999e-06,0.1657520830631256,100,1491.119467496872,experimentos_pinn/modelos_salvos/modelo_hqnn_basic_mlp_n_5_b_3_n_qubits_3_n_l_3_seed_1925.pth,experimentos_pinn/historicos_loss/loss_hqnn_basic_mlp_n_5_b_3_n_qubits_3_n_l_3_seed_1925.json,9.53342896536924e-06,9.627451272535836e-06
HQNN,hqnn_basic_mlp,MLP,Tanh(),0.002,15000,basic,5,3,3,3,1926,hqnn_basic_mlp_n_5_b_3_n_qubits_3_n_l_3_seed_1926,6.542744358739583e-06,0.1282377988100052,100,1486.3972992897034,experimentos_pinn/modelos_salvos/modelo_hqnn_basic_mlp_n_5_b_3_n_qubits_3_n_l_3_seed_1926.pth,experimentos_pinn/historicos_loss/loss_hqnn_basic_mlp_n_5_b_3_n_qubits_3_n_l_3_seed_1926.json,2.0632369341910817e-06,2.0916017615491e-06
HQNN,hqnn_basic_mlp,MLP,Tanh(),0.002,15000,basic,5,3,3,5,1924,hqnn_basic_mlp_n_5_b_3_n_qubits_3_n_l_5_seed_1924,7.026562343526166e-06,0.13772061467170715,106,1832.1310353279114,experimentos_pinn/modelos_salvos/modelo_hqnn_basic_mlp_n_5_b_3_n_qubits_3_n_l_5_seed_1924.pth,experimentos_pinn/historicos_loss/loss_hqnn_basic_mlp_n_5_b_3_n_qubits_3_n_l_5_seed_1924.json,2.4342332380911103e-06,1.42965136433304e-06
HQNN,hqnn_basic_mlp,MLP,Tanh(),0.002,15000,basic,5,3,3,5,1925,hqnn_basic_mlp_n_5_b_3_n_qubits_3_n_l_5_seed_1925,9.092933396459557e-06,0.17822147905826569,106,1852.2537724971771,experimentos_pinn/modelos_salvos/modelo_hqnn_basic_mlp_n_5_b_3_n_qubits_3_n_l_5_seed_1925.pth,experimentos_pinn/historicos_loss/loss_hqnn_basic_mlp_n_5_b_3_n_qubits_3_n_l_5_seed_1925.json,1.140499171015108e-05,1.6751863513491115e-05
HQNN,hqnn_basic_mlp,MLP,Tanh(),0.002,15000,basic,5,3,3,5,1926,hqnn_basic_mlp_n_5_b_3_n_qubits_3_n_l_5_seed_1926,5.465170488605509e-06,0.10711733996868134,106,1802.9442241191864,experimentos_pinn/modelos_salvos/modelo_hqnn_basic_mlp_n_5_b_3_n_qubits_3_n_l_5_seed_1926.pth,experimentos_pinn/historicos_loss/loss_hqnn_basic_mlp_n_5_b_3_n_qubits_3_n_l_5_seed_1926.json,2.9793063731631264e-06,5.071790519650677e-06
HQNN,hqnn_strong_mlp,MLP,Tanh(),0.002,15000,strong,3,1,2,1,1924,hqnn_strong_mlp_n_3_b_1_n_qubits_2_n_l_1_seed_1924,2.385915104241576e-05,0.46763935685157776,26,1498.0560615062714,experimentos_pinn/modelos_salvos/modelo_hqnn_strong_mlp_n_3_b_1_n_qubits_2_n_l_1_seed_1924.pth,experimentos_pinn/historicos_loss/loss_hqnn_strong_mlp_n_3_b_1_n_qubits_2_n_l_1_seed_1924.json,4.3983920477330685e-05,2.622401596454438e-05
