model_type,run_id_prefix,model_class,activation,lr,epochs,entangler,hidden,blocks,n_qubits,k,n_vertex,n_layers,seed,run_id,mse_teste_normalizado,mse_teste_desnormalizado,num_params,training_time_sec,model_path,loss_history_path,final_total_loss,mean_last_100_loss
HCQNN,hcqnn_basic_mlp,MLP,Tanh(),0.002,15000,basic,2,1,4,2,5,1,1924,hcqnn_basic_mlp_n_2_b_1_n_qubits_4_k_2_n_vertex_5_n_l_1_seed_1924,0.00020170529023744166,3.9534237384796143,27,1125.4425642490387,experimentos_pinn/modelos_salvos/modelo_hcqnn_basic_mlp_n_2_b_1_n_qubits_4_k_2_n_vertex_5_n_l_1_seed_1924.pth,experimentos_pinn/historicos_loss/loss_hcqnn_basic_mlp_n_2_b_1_n_qubits_4_k_2_n_vertex_5_n_l_1_seed_1924.json,0.0002661292674019933,0.00027358346385881305
HCQNN,hcqnn_basic_mlp,MLP,Tanh(),0.002,15000,basic,2,1,4,2,5,1,1925,hcqnn_basic_mlp_n_2_b_1_n_qubits_4_k_2_n_vertex_5_n_l_1_seed_1925,0.00023819654597900808,4.668652534484863,27,1181.8382177352905,experimentos_pinn/modelos_salvos/modelo_hcqnn_basic_mlp_n_2_b_1_n_qubits_4_k_2_n_vertex_5_n_l_1_seed_1925.pth,experimentos_pinn/historicos_loss/loss_hcqnn_basic_mlp_n_2_b_1_n_qubits_4_k_2_n_vertex_5_n_l_1_seed_1925.json,0.0003111105761490762,0.00031324852257966993
HCQNN,hcqnn_basic_mlp,MLP,Tanh(),0.002,15000,basic,2,1,4,2,5,1,1926,hcqnn_basic_mlp_n_2_b_1_n_qubits_4_k_2_n_vertex_5_n_l_1_seed_1926,1.556626557430718e-05,0.3050988018512726,27,1062.3507859706879,experimentos_pinn/modelos_salvos/modelo_hcqnn_basic_mlp_n_2_b_1_n_qubits_4_k_2_n_vertex_5_n_l_1_seed_1926.pth,experimentos_pinn/historicos_loss/loss_hcqnn_basic_mlp_n_2_b_1_n_qubits_4_k_2_n_vertex_5_n_l_1_seed_1926.json,2.0036757632624358e-05,2.0084466104890452e-05
HCQNN,hcqnn_basic_mlp,MLP,Tanh(),0.002,15000,basic,2,1,4,2,5,2,1924,hcqnn_basic_mlp_n_2_b_1_n_qubits_4_k_2_n_vertex_5_n_l_2_seed_1924,2.6856811018660665e-05,0.526393473148346,31,1240.3495769500732,experimentos_pinn/modelos_salvos/modelo_hcqnn_basic_mlp_n_2_b_1_n_qubits_4_k_2_n_vertex_5_n_l_2_seed_1924.pth,experimentos_pinn/historicos_loss/loss_hcqnn_basic_mlp_n_2_b_1_n_qubits_4_k_2_n_vertex_5_n_l_2_seed_1924.json,3.7389869248727337e-05,4.186455145827494e-05
HCQNN,hcqnn_basic_mlp,MLP,Tanh(),0.002,15000,basic,2,1,4,2,5,2,1925,hcqnn_basic_mlp_n_2_b_1_n_qubits_4_k_2_n_vertex_5_n_l_2_seed_1925,0.0001199186299345456,2.350405216217041,31,1243.7039892673492,experimentos_pinn/modelos_salvos/modelo_hcqnn_basic_mlp_n_2_b_1_n_qubits_4_k_2_n_vertex_5_n_l_2_seed_1925.pth,experimentos_pinn/historicos_loss/loss_hcqnn_basic_mlp_n_2_b_1_n_qubits_4_k_2_n_vertex_5_n_l_2_seed_1925.json,0.00017064675921574235,0.0001330981134378817
HCQNN,hcqnn_basic_mlp,MLP,Tanh(),0.002,15000,basic,2,1,4,2,5,2,1926,hcqnn_basic_mlp_n_2_b_1_n_qubits_4_k_2_n_vertex_5_n_l_2_seed_1926,2.645751192176249e-05,0.5185672640800476,31,1241.8519520759583,experimentos_pinn/modelos_salvos/modelo_hcqnn_basic_mlp_n_2_b_1_n_qubits_4_k_2_n_vertex_5_n_l_2_seed_1926.pth,experimentos_pinn/historicos_loss/loss_hcqnn_basic_mlp_n_2_b_1_n_qubits_4_k_2_n_vertex_5_n_l_2_seed_1926.json,3.843272861558944e-05,3.863497477141209e-05
HCQNN,hcqnn_basic_mlp,MLP,Tanh(),0.002,15000,basic,2,1,4,2,5,3,1924,hcqnn_basic_mlp_n_2_b_1_n_qubits_4_k_2_n_vertex_5_n_l_3_seed_1924,6.530864993692376e-06,0.12800495326519012,35,1555.5279529094696,experimentos_pinn/modelos_salvos/modelo_hcqnn_basic_mlp_n_2_b_1_n_qubits_4_k_2_n_vertex_5_n_l_3_seed_1924.pth,experimentos_pinn/historicos_loss/loss_hcqnn_basic_mlp_n_2_b_1_n_qubits_4_k_2_n_vertex_5_n_l_3_seed_1924.json,8.695961696503218e-06,9.01546827662969e-06
HCQNN,hcqnn_basic_mlp,MLP,Tanh(),0.002,15000,basic,2,1,4,2,5,3,1925,hcqnn_basic_mlp_n_2_b_1_n_qubits_4_k_2_n_vertex_5_n_l_3_seed_1925,6.718694930896163e-05,1.316864252090454,35,1472.1333379745483,experimentos_pinn/modelos_salvos/modelo_hcqnn_basic_mlp_n_2_b_1_n_qubits_4_k_2_n_vertex_5_n_l_3_seed_1925.pth,experimentos_pinn/historicos_loss/loss_hcqnn_basic_mlp_n_2_b_1_n_qubits_4_k_2_n_vertex_5_n_l_3_seed_1925.json,8.879791857907549e-05,8.915305188565981e-05
HCQNN,hcqnn_basic_mlp,MLP,Tanh(),0.002,15000,basic,2,1,4,2,5,3,1926,hcqnn_basic_mlp_n_2_b_1_n_qubits_4_k_2_n_vertex_5_n_l_3_seed_1926,3.0466004318441264e-05,0.5971337556838989,35,1479.8981063365936,experimentos_pinn/modelos_salvos/modelo_hcqnn_basic_mlp_n_2_b_1_n_qubits_4_k_2_n_vertex_5_n_l_3_seed_1926.pth,experimentos_pinn/historicos_loss/loss_hcqnn_basic_mlp_n_2_b_1_n_qubits_4_k_2_n_vertex_5_n_l_3_seed_1926.json,4.3021740566473454e-05,4.314891644753516e-05
HCQNN,hcqnn_basic_mlp,MLP,Tanh(),0.002,15000,basic,2,1,4,2,5,5,1924,hcqnn_basic_mlp_n_2_b_1_n_qubits_4_k_2_n_vertex_5_n_l_5_seed_1924,4.513727253652178e-05,0.884690523147583,43,2048.709207057953,experimentos_pinn/modelos_salvos/modelo_hcqnn_basic_mlp_n_2_b_1_n_qubits_4_k_2_n_vertex_5_n_l_5_seed_1924.pth,experimentos_pinn/historicos_loss/loss_hcqnn_basic_mlp_n_2_b_1_n_qubits_4_k_2_n_vertex_5_n_l_5_seed_1924.json,8.088781032711267e-05,4.630822302715387e-05
HCQNN,hcqnn_basic_mlp,MLP,Tanh(),0.002,15000,basic,2,1,4,2,5,5,1925,hcqnn_basic_mlp_n_2_b_1_n_qubits_4_k_2_n_vertex_5_n_l_5_seed_1925,7.042035576887429e-05,1.3802388906478882,43,2081.339217185974,experimentos_pinn/modelos_salvos/modelo_hcqnn_basic_mlp_n_2_b_1_n_qubits_4_k_2_n_vertex_5_n_l_5_seed_1925.pth,experimentos_pinn/historicos_loss/loss_hcqnn_basic_mlp_n_2_b_1_n_qubits_4_k_2_n_vertex_5_n_l_5_seed_1925.json,9.9736156698782e-05,0.00011208566385903396
HCQNN,hcqnn_basic_mlp,MLP,Tanh(),0.002,15000,basic,2,1,4,2,5,5,1926,hcqnn_basic_mlp_n_2_b_1_n_qubits_4_k_2_n_vertex_5_n_l_5_seed_1926,1.4169343558023684e-05,0.2777191400527954,43,2160.6156525611877,experimentos_pinn/modelos_salvos/modelo_hcqnn_basic_mlp_n_2_b_1_n_qubits_4_k_2_n_vertex_5_n_l_5_seed_1926.pth,experimentos_pinn/historicos_loss/loss_hcqnn_basic_mlp_n_2_b_1_n_qubits_4_k_2_n_vertex_5_n_l_5_seed_1926.json,2.0662540919147432e-05,2.0691728132078424e-05
HCQNN,hcqnn_basic_mlp,MLP,Tanh(),0.002,15000,basic,2,1,4,2,8,1,1924,hcqnn_basic_mlp_n_2_b_1_n_qubits_4_k_2_n_vertex_8_n_l_1_seed_1924,1.4759159967070445e-05,0.2892795205116272,30,1658.8703398704529,experimentos_pinn/modelos_salvos/modelo_hcqnn_basic_mlp_n_2_b_1_n_qubits_4_k_2_n_vertex_8_n_l_1_seed_1924.pth,experimentos_pinn/historicos_loss/loss_hcqnn_basic_mlp_n_2_b_1_n_qubits_4_k_2_n_vertex_8_n_l_1_seed_1924.json,2.721093551372178e-05,2.7236622972850455e-05
HCQNN,hcqnn_basic_mlp,MLP,Tanh(),0.002,15000,basic,2,1,4,2,8,1,1925,hcqnn_basic_mlp_n_2_b_1_n_qubits_4_k_2_n_vertex_8_n_l_1_seed_1925,1.5468302080989815e-05,0.30317872762680054,30,1601.9942300319672,experimentos_pinn/modelos_salvos/modelo_hcqnn_basic_mlp_n_2_b_1_n_qubits_4_k_2_n_vertex_8_n_l_1_seed_1925.pth,experimentos_pinn/historicos_loss/loss_hcqnn_basic_mlp_n_2_b_1_n_qubits_4_k_2_n_vertex_8_n_l_1_seed_1925.json,2.156765003746841e-05,2.1688350661861476e-05
HCQNN,hcqnn_basic_mlp,MLP,Tanh(),0.002,15000,basic,2,1,4,2,8,1,1926,hcqnn_basic_mlp_n_2_b_1_n_qubits_4_k_2_n_vertex_8_n_l_1_seed_1926,4.020104097435251e-05,0.7879406213760376,30,1450.7378995418549,experimentos_pinn/modelos_salvos/modelo_hcqnn_basic_mlp_n_2_b_1_n_qubits_4_k_2_n_vertex_8_n_l_1_seed_1926.pth,experimentos_pinn/historicos_loss/loss_hcqnn_basic_mlp_n_2_b_1_n_qubits_4_k_2_n_vertex_8_n_l_1_seed_1926.json,6.20384089415893e-05,7.221933286928106e-05
HCQNN,hcqnn_basic_mlp,MLP,Tanh(),0.002,15000,basic,2,1,4,2,8,2,1924,hcqnn_basic_mlp_n_2_b_1_n_qubits_4_k_2_n_vertex_8_n_l_2_seed_1924,1.3314914212969597e-05,0.26097235083580017,34,1668.9800763130188,experimentos_pinn/modelos_salvos/modelo_hcqnn_basic_mlp_n_2_b_1_n_qubits_4_k_2_n_vertex_8_n_l_2_seed_1924.pth,experimentos_pinn/historicos_loss/loss_hcqnn_basic_mlp_n_2_b_1_n_qubits_4_k_2_n_vertex_8_n_l_2_seed_1924.json,1.7733435015543364e-05,1.777160197889316e-05
HCQNN,hcqnn_basic_mlp,MLP,Tanh(),0.002,15000,basic,2,1,4,2,8,2,1925,hcqnn_basic_mlp_n_2_b_1_n_qubits_4_k_2_n_vertex_8_n_l_2_seed_1925,0.00011972255742875859,2.346562147140503,34,1663.3593406677246,experimentos_pinn/modelos_salvos/modelo_hcqnn_basic_mlp_n_2_b_1_n_qubits_4_k_2_n_vertex_8_n_l_2_seed_1925.pth,experimentos_pinn/historicos_loss/loss_hcqnn_basic_mlp_n_2_b_1_n_qubits_4_k_2_n_vertex_8_n_l_2_seed_1925.json,0.00020774158474523574,0.0001300612163322512
HCQNN,hcqnn_basic_mlp,MLP,Tanh(),0.002,15000,basic,2,1,4,2,8,2,1926,hcqnn_basic_mlp_n_2_b_1_n_qubits_4_k_2_n_vertex_8_n_l_2_seed_1926,1.2793395399057772e-05,0.2507505416870117,34,1664.21280503273,experimentos_pinn/modelos_salvos/modelo_hcqnn_basic_mlp_n_2_b_1_n_qubits_4_k_2_n_vertex_8_n_l_2_seed_1926.pth,experimentos_pinn/historicos_loss/loss_hcqnn_basic_mlp_n_2_b_1_n_qubits_4_k_2_n_vertex_8_n_l_2_seed_1926.json,1.9071925635216758e-05,2.318338460099767e-05
HCQNN,hcqnn_basic_mlp,MLP,Tanh(),0.002,15000,basic,2,1,4,2,8,3,1924,hcqnn_basic_mlp_n_2_b_1_n_qubits_4_k_2_n_vertex_8_n_l_3_seed_1924,8.602525667811278e-06,0.16860952973365784,38,1959.6909420490265,experimentos_pinn/modelos_salvos/modelo_hcqnn_basic_mlp_n_2_b_1_n_qubits_4_k_2_n_vertex_8_n_l_3_seed_1924.pth,experimentos_pinn/historicos_loss/loss_hcqnn_basic_mlp_n_2_b_1_n_qubits_4_k_2_n_vertex_8_n_l_3_seed_1924.json,1.2913581485918257e-05,1.8428787061566254e-05
HCQNN,hcqnn_basic_mlp,MLP,Tanh(),0.002,15000,basic,2,1,4,2,8,3,1925,hcqnn_basic_mlp_n_2_b_1_n_qubits_4_k_2_n_vertex_8_n_l_3_seed_1925,1.765273009368684e-05,0.3459934890270233,38,1989.4676537513733,experimentos_pinn/modelos_salvos/modelo_hcqnn_basic_mlp_n_2_b_1_n_qubits_4_k_2_n_vertex_8_n_l_3_seed_1925.pth,experimentos_pinn/historicos_loss/loss_hcqnn_basic_mlp_n_2_b_1_n_qubits_4_k_2_n_vertex_8_n_l_3_seed_1925.json,2.4935821784310974e-05,2.85923892079154e-05
HCQNN,hcqnn_basic_mlp,MLP,Tanh(),0.002,15000,basic,2,1,4,2,8,3,1926,hcqnn_basic_mlp_n_2_b_1_n_qubits_4_k_2_n_vertex_8_n_l_3_seed_1926,9.077773938770406e-06,0.17792434990406036,38,1954.9840495586395,experimentos_pinn/modelos_salvos/modelo_hcqnn_basic_mlp_n_2_b_1_n_qubits_4_k_2_n_vertex_8_n_l_3_seed_1926.pth,experimentos_pinn/historicos_loss/loss_hcqnn_basic_mlp_n_2_b_1_n_qubits_4_k_2_n_vertex_8_n_l_3_seed_1926.json,1.1799232197517995e-05,1.1871668311869143e-05
HCQNN,hcqnn_basic_mlp,MLP,Tanh(),0.002,15000,basic,2,1,4,2,8,5,1924,hcqnn_basic_mlp_n_2_b_1_n_qubits_4_k_2_n_vertex_8_n_l_5_seed_1924,7.982982424437068e-06,0.15646645426750183,46,2481.315003633499,experimentos_pinn/modelos_salvos/modelo_hcqnn_basic_mlp_n_2_b_1_n_qubits_4_k_2_n_vertex_8_n_l_5_seed_1924.pth,experimentos_pinn/historicos_loss/loss_hcqnn_basic_mlp_n_2_b_1_n_qubits_4_k_2_n_vertex_8_n_l_5_seed_1924.json,9.78319349087542e-06,9.826944351516431e-06
HCQNN,hcqnn_basic_mlp,MLP,Tanh(),0.002,15000,basic,2,1,4,2,8,5,1925,hcqnn_basic_mlp_n_2_b_1_n_qubits_4_k_2_n_vertex_8_n_l_5_seed_1925,1.0964817192871124e-05,0.2149103581905365,46,2462.3312845230103,experimentos_pinn/modelos_salvos/modelo_hcqnn_basic_mlp_n_2_b_1_n_qubits_4_k_2_n_vertex_8_n_l_5_seed_1925.pth,experimentos_pinn/historicos_loss/loss_hcqnn_basic_mlp_n_2_b_1_n_qubits_4_k_2_n_vertex_8_n_l_5_seed_1925.json,1.4424676919588819e-05,1.8876179228755064e-05
HCQNN,hcqnn_basic_mlp,MLP,Tanh(),0.002,15000,basic,2,1,4,2,8,5,1926,hcqnn_basic_mlp_n_2_b_1_n_qubits_4_k_2_n_vertex_8_n_l_5_seed_1926,9.252616109733935e-06,0.18135125935077667,46,2474.749257326126,experimentos_pinn/modelos_salvos/modelo_hcqnn_basic_mlp_n_2_b_1_n_qubits_4_k_2_n_vertex_8_n_l_5_seed_1926.pth,experimentos_pinn/historicos_loss/loss_hcqnn_basic_mlp_n_2_b_1_n_qubits_4_k_2_n_vertex_8_n_l_5_seed_1926.json,1.177689409814775e-05,1.8667585054572554e-05
HCQNN,hcqnn_basic_mlp,MLP,Tanh(),0.002,15000,basic,2,1,4,2,12,1,1924,hcqnn_basic_mlp_n_2_b_1_n_qubits_4_k_2_n_vertex_12_n_l_1_seed_1924,4.314304533181712e-05,0.8456037640571594,34,2321.1447055339813,experimentos_pinn/modelos_salvos/modelo_hcqnn_basic_mlp_n_2_b_1_n_qubits_4_k_2_n_vertex_12_n_l_1_seed_1924.pth,experimentos_pinn/historicos_loss/loss_hcqnn_basic_mlp_n_2_b_1_n_qubits_4_k_2_n_vertex_12_n_l_1_seed_1924.json,6.405333988368511e-05,6.493186956504359e-05
HCQNN,hcqnn_basic_mlp,MLP,Tanh(),0.002,15000,basic,2,1,4,2,12,1,1925,hcqnn_basic_mlp_n_2_b_1_n_qubits_4_k_2_n_vertex_12_n_l_1_seed_1925,3.8245238101808354e-05,0.7496066689491272,34,2353.1003210544586,experimentos_pinn/modelos_salvos/modelo_hcqnn_basic_mlp_n_2_b_1_n_qubits_4_k_2_n_vertex_12_n_l_1_seed_1925.pth,experimentos_pinn/historicos_loss/loss_hcqnn_basic_mlp_n_2_b_1_n_qubits_4_k_2_n_vertex_12_n_l_1_seed_1925.json,5.293465073918924e-05,5.29649398959009e-05
HCQNN,hcqnn_basic_mlp,MLP,Tanh(),0.002,15000,basic,2,1,4,2,12,1,1926,hcqnn_basic_mlp_n_2_b_1_n_qubits_4_k_2_n_vertex_12_n_l_1_seed_1926,0.0001361732283839956,2.6689960956573486,34,2336.225110769272,experimentos_pinn/modelos_salvos/modelo_hcqnn_basic_mlp_n_2_b_1_n_qubits_4_k_2_n_vertex_12_n_l_1_seed_1926.pth,experimentos_pinn/historicos_loss/loss_hcqnn_basic_mlp_n_2_b_1_n_qubits_4_k_2_n_vertex_12_n_l_1_seed_1926.json,0.00020915486675221473,0.00013294541437062436
HCQNN,hcqnn_basic_mlp,MLP,Tanh(),0.002,15000,basic,2,1,4,2,12,2,1924,hcqnn_basic_mlp_n_2_b_1_n_qubits_4_k_2_n_vertex_12_n_l_2_seed_1924,6.219575880095363e-05,1.2190368175506592,38,2543.932448387146,experimentos_pinn/modelos_salvos/modelo_hcqnn_basic_mlp_n_2_b_1_n_qubits_4_k_2_n_vertex_12_n_l_2_seed_1924.pth,experimentos_pinn/historicos_loss/loss_hcqnn_basic_mlp_n_2_b_1_n_qubits_4_k_2_n_vertex_12_n_l_2_seed_1924.json,8.297083695651963e-05,9.195438236929476e-05
HCQNN,hcqnn_basic_mlp,MLP,Tanh(),0.002,15000,basic,2,1,4,2,12,2,1925,hcqnn_basic_mlp_n_2_b_1_n_qubits_4_k_2_n_vertex_12_n_l_2_seed_1925,9.904847684083506e-05,1.9413501024246216,38,2544.945319890976,experimentos_pinn/modelos_salvos/modelo_hcqnn_basic_mlp_n_2_b_1_n_qubits_4_k_2_n_vertex_12_n_l_2_seed_1925.pth,experimentos_pinn/historicos_loss/loss_hcqnn_basic_mlp_n_2_b_1_n_qubits_4_k_2_n_vertex_12_n_l_2_seed_1925.json,0.00013294670497998595,0.00015559447230771185
HCQNN,hcqnn_basic_mlp,MLP,Tanh(),0.002,15000,basic,2,1,4,2,12,2,1926,hcqnn_basic_mlp_n_2_b_1_n_qubits_4_k_2_n_vertex_12_n_l_2_seed_1926,2.6539983082329854e-05,0.5201837420463562,38,2522.2971804142,experimentos_pinn/modelos_salvos/modelo_hcqnn_basic_mlp_n_2_b_1_n_qubits_4_k_2_n_vertex_12_n_l_2_seed_1926.pth,experimentos_pinn/historicos_loss/loss_hcqnn_basic_mlp_n_2_b_1_n_qubits_4_k_2_n_vertex_12_n_l_2_seed_1926.json,5.340390634955838e-05,1.4606770573664107e-05
HCQNN,hcqnn_basic_mlp,MLP,Tanh(),0.002,15000,basic,2,1,4,2,12,3,1924,hcqnn_basic_mlp_n_2_b_1_n_qubits_4_k_2_n_vertex_12_n_l_3_seed_1924,1.590706415299792e-05,0.3117784559726715,42,2804.4648752212524,experimentos_pinn/modelos_salvos/modelo_hcqnn_basic_mlp_n_2_b_1_n_qubits_4_k_2_n_vertex_12_n_l_3_seed_1924.pth,experimentos_pinn/historicos_loss/loss_hcqnn_basic_mlp_n_2_b_1_n_qubits_4_k_2_n_vertex_12_n_l_3_seed_1924.json,1.9969091226812452e-05,1.548656817249139e-05
HCQNN,hcqnn_basic_mlp,MLP,Tanh(),0.002,15000,basic,2,1,4,2,12,3,1925,hcqnn_basic_mlp_n_2_b_1_n_qubits_4_k_2_n_vertex_12_n_l_3_seed_1925,6.796037632739171e-05,1.3320233821868896,42,2796.1021320819855,experimentos_pinn/modelos_salvos/modelo_hcqnn_basic_mlp_n_2_b_1_n_qubits_4_k_2_n_vertex_12_n_l_3_seed_1925.pth,experimentos_pinn/historicos_loss/loss_hcqnn_basic_mlp_n_2_b_1_n_qubits_4_k_2_n_vertex_12_n_l_3_seed_1925.json,8.79469807841815e-05,0.00010386588226538152
HCQNN,hcqnn_basic_mlp,MLP,Tanh(),0.002,15000,basic,2,1,4,2,12,3,1926,hcqnn_basic_mlp_n_2_b_1_n_qubits_4_k_2_n_vertex_12_n_l_3_seed_1926,8.013935257622506e-06,0.15707314014434814,42,2806.135340690613,experimentos_pinn/modelos_salvos/modelo_hcqnn_basic_mlp_n_2_b_1_n_qubits_4_k_2_n_vertex_12_n_l_3_seed_1926.pth,experimentos_pinn/historicos_loss/loss_hcqnn_basic_mlp_n_2_b_1_n_qubits_4_k_2_n_vertex_12_n_l_3_seed_1926.json,1.0637852938089054e-05,1.3191262614782318e-05
HCQNN,hcqnn_basic_mlp,MLP,Tanh(),0.002,15000,basic,2,1,4,2,12,5,1924,hcqnn_basic_mlp_n_2_b_1_n_qubits_4_k_2_n_vertex_12_n_l_5_seed_1924,1.0435357580718119e-05,0.20453302562236786,50,3354.949162721634,experimentos_pinn/modelos_salvos/modelo_hcqnn_basic_mlp_n_2_b_1_n_qubits_4_k_2_n_vertex_12_n_l_5_seed_1924.pth,experimentos_pinn/historicos_loss/loss_hcqnn_basic_mlp_n_2_b_1_n_qubits_4_k_2_n_vertex_12_n_l_5_seed_1924.json,1.6003037671907805e-05,1.7892125706566732e-05
HCQNN,hcqnn_basic_mlp,MLP,Tanh(),0.002,15000,basic,2,1,4,2,12,5,1925,hcqnn_basic_mlp_n_2_b_1_n_qubits_4_k_2_n_vertex_12_n_l_5_seed_1925,1.1722695489879698e-05,0.22976478934288025,50,3340.874611854553,experimentos_pinn/modelos_salvos/modelo_hcqnn_basic_mlp_n_2_b_1_n_qubits_4_k_2_n_vertex_12_n_l_5_seed_1925.pth,experimentos_pinn/historicos_loss/loss_hcqnn_basic_mlp_n_2_b_1_n_qubits_4_k_2_n_vertex_12_n_l_5_seed_1925.json,1.6539383068447933e-05,1.672169566518278e-05
HCQNN,hcqnn_basic_mlp,MLP,Tanh(),0.002,15000,basic,2,1,4,2,12,5,1926,hcqnn_basic_mlp_n_2_b_1_n_qubits_4_k_2_n_vertex_12_n_l_5_seed_1926,2.3649263312108815e-05,0.463525652885437,50,3349.596246957779,experimentos_pinn/modelos_salvos/modelo_hcqnn_basic_mlp_n_2_b_1_n_qubits_4_k_2_n_vertex_12_n_l_5_seed_1926.pth,experimentos_pinn/historicos_loss/loss_hcqnn_basic_mlp_n_2_b_1_n_qubits_4_k_2_n_vertex_12_n_l_5_seed_1926.json,6.16103206994012e-05,2.6604180984577397e-05
HCQNN,hcqnn_basic_mlp,MLP,Tanh(),0.002,15000,basic,2,1,4,3,5,1,1924,hcqnn_basic_mlp_n_2_b_1_n_qubits_4_k_3_n_vertex_5_n_l_1_seed_1924,1.5400064512505196e-05,0.3018413186073303,27,1126.9063246250153,experimentos_pinn/modelos_salvos/modelo_hcqnn_basic_mlp_n_2_b_1_n_qubits_4_k_3_n_vertex_5_n_l_1_seed_1924.pth,experimentos_pinn/historicos_loss/loss_hcqnn_basic_mlp_n_2_b_1_n_qubits_4_k_3_n_vertex_5_n_l_1_seed_1924.json,2.6406780307297595e-05,2.0001087723358068e-05
HCQNN,hcqnn_basic_mlp,MLP,Tanh(),0.002,15000,basic,2,1,4,3,5,1,1925,hcqnn_basic_mlp_n_2_b_1_n_qubits_4_k_3_n_vertex_5_n_l_1_seed_1925,5.754103767685592e-05,1.1278043985366821,27,1123.5716948509216,experimentos_pinn/modelos_salvos/modelo_hcqnn_basic_mlp_n_2_b_1_n_qubits_4_k_3_n_vertex_5_n_l_1_seed_1925.pth,experimentos_pinn/historicos_loss/loss_hcqnn_basic_mlp_n_2_b_1_n_qubits_4_k_3_n_vertex_5_n_l_1_seed_1925.json,7.593144982820377e-05,7.988275545358193e-05
HCQNN,hcqnn_basic_mlp,MLP,Tanh(),0.002,15000,basic,2,1,4,3,5,1,1926,hcqnn_basic_mlp_n_2_b_1_n_qubits_4_k_3_n_vertex_5_n_l_1_seed_1926,2.09267655009171e-05,0.41016462445259094,27,1121.4575247764587,experimentos_pinn/modelos_salvos/modelo_hcqnn_basic_mlp_n_2_b_1_n_qubits_4_k_3_n_vertex_5_n_l_1_seed_1926.pth,experimentos_pinn/historicos_loss/loss_hcqnn_basic_mlp_n_2_b_1_n_qubits_4_k_3_n_vertex_5_n_l_1_seed_1926.json,2.9911438105045818e-05,3.12201252381783e-05
HCQNN,hcqnn_basic_mlp,MLP,Tanh(),0.002,15000,basic,2,1,4,3,5,2,1924,hcqnn_basic_mlp_n_2_b_1_n_qubits_4_k_3_n_vertex_5_n_l_2_seed_1924,2.383443461440038e-05,0.4671548902988434,31,1451.8171837329865,experimentos_pinn/modelos_salvos/modelo_hcqnn_basic_mlp_n_2_b_1_n_qubits_4_k_3_n_vertex_5_n_l_2_seed_1924.pth,experimentos_pinn/historicos_loss/loss_hcqnn_basic_mlp_n_2_b_1_n_qubits_4_k_3_n_vertex_5_n_l_2_seed_1924.json,3.481028397800401e-05,3.4950640838360414e-05
HCQNN,hcqnn_basic_mlp,MLP,Tanh(),0.002,15000,basic,2,1,4,3,5,2,1925,hcqnn_basic_mlp_n_2_b_1_n_qubits_4_k_3_n_vertex_5_n_l_2_seed_1925,2.4442955691483803e-05,0.4790819585323334,31,1498.6133780479431,experimentos_pinn/modelos_salvos/modelo_hcqnn_basic_mlp_n_2_b_1_n_qubits_4_k_3_n_vertex_5_n_l_2_seed_1925.pth,experimentos_pinn/historicos_loss/loss_hcqnn_basic_mlp_n_2_b_1_n_qubits_4_k_3_n_vertex_5_n_l_2_seed_1925.json,3.6815770727116615e-05,3.7612593441735956e-05
HCQNN,hcqnn_basic_mlp,MLP,Tanh(),0.002,15000,basic,2,1,4,3,5,2,1926,hcqnn_basic_mlp_n_2_b_1_n_qubits_4_k_3_n_vertex_5_n_l_2_seed_1926,2.3307349692913704e-05,0.45682403445243835,31,1480.9520556926727,experimentos_pinn/modelos_salvos/modelo_hcqnn_basic_mlp_n_2_b_1_n_qubits_4_k_3_n_vertex_5_n_l_2_seed_1926.pth,experimentos_pinn/historicos_loss/loss_hcqnn_basic_mlp_n_2_b_1_n_qubits_4_k_3_n_vertex_5_n_l_2_seed_1926.json,3.615576497395523e-05,4.2483005054236855e-05
HCQNN,hcqnn_basic_mlp,MLP,Tanh(),0.002,15000,basic,2,1,4,3,5,3,1924,hcqnn_basic_mlp_n_2_b_1_n_qubits_4_k_3_n_vertex_5_n_l_3_seed_1924,6.8857889345963486e-06,0.13496145606040955,35,1658.25803399086,experimentos_pinn/modelos_salvos/modelo_hcqnn_basic_mlp_n_2_b_1_n_qubits_4_k_3_n_vertex_5_n_l_3_seed_1924.pth,experimentos_pinn/historicos_loss/loss_hcqnn_basic_mlp_n_2_b_1_n_qubits_4_k_3_n_vertex_5_n_l_3_seed_1924.json,8.831567356537562e-06,1.4296294120867969e-05
HCQNN,hcqnn_basic_mlp,MLP,Tanh(),0.002,15000,basic,2,1,4,3,5,3,1925,hcqnn_basic_mlp_n_2_b_1_n_qubits_4_k_3_n_vertex_5_n_l_3_seed_1925,7.315266702789813e-05,1.4337924718856812,35,1645.479267835617,experimentos_pinn/modelos_salvos/modelo_hcqnn_basic_mlp_n_2_b_1_n_qubits_4_k_3_n_vertex_5_n_l_3_seed_1925.pth,experimentos_pinn/historicos_loss/loss_hcqnn_basic_mlp_n_2_b_1_n_qubits_4_k_3_n_vertex_5_n_l_3_seed_1925.json,9.975989087251946e-05,9.999274981964846e-05
HCQNN,hcqnn_basic_mlp,MLP,Tanh(),0.002,15000,basic,2,1,4,3,5,3,1926,hcqnn_basic_mlp_n_2_b_1_n_qubits_4_k_3_n_vertex_5_n_l_3_seed_1926,2.7051735742134042e-05,0.5302140116691589,35,1660.1326010227203,experimentos_pinn/modelos_salvos/modelo_hcqnn_basic_mlp_n_2_b_1_n_qubits_4_k_3_n_vertex_5_n_l_3_seed_1926.pth,experimentos_pinn/historicos_loss/loss_hcqnn_basic_mlp_n_2_b_1_n_qubits_4_k_3_n_vertex_5_n_l_3_seed_1926.json,4.604475907399319e-05,4.0337271966564006e-05
HCQNN,hcqnn_basic_mlp,MLP,Tanh(),0.002,15000,basic,2,1,4,3,5,5,1924,hcqnn_basic_mlp_n_2_b_1_n_qubits_4_k_3_n_vertex_5_n_l_5_seed_1924,7.142787126213079e-06,0.1399986445903778,43,2255.0695650577545,experimentos_pinn/modelos_salvos/modelo_hcqnn_basic_mlp_n_2_b_1_n_qubits_4_k_3_n_vertex_5_n_l_5_seed_1924.pth,experimentos_pinn/historicos_loss/loss_hcqnn_basic_mlp_n_2_b_1_n_qubits_4_k_3_n_vertex_5_n_l_5_seed_1924.json,8.090404662652873e-06,8.096893889160129e-06
HCQNN,hcqnn_basic_mlp,MLP,Tanh(),0.002,15000,basic,2,1,4,3,5,5,1925,hcqnn_basic_mlp_n_2_b_1_n_qubits_4_k_3_n_vertex_5_n_l_5_seed_1925,1.747526039252989e-05,0.34251508116722107,43,2258.776924610138,experimentos_pinn/modelos_salvos/modelo_hcqnn_basic_mlp_n_2_b_1_n_qubits_4_k_3_n_vertex_5_n_l_5_seed_1925.pth,experimentos_pinn/historicos_loss/loss_hcqnn_basic_mlp_n_2_b_1_n_qubits_4_k_3_n_vertex_5_n_l_5_seed_1925.json,2.6039855583803728e-05,2.8730258727591717e-05
HCQNN,hcqnn_basic_mlp,MLP,Tanh(),0.002,15000,basic,2,1,4,3,5,5,1926,hcqnn_basic_mlp_n_2_b_1_n_qubits_4_k_3_n_vertex_5_n_l_5_seed_1926,5.993754166411236e-05,1.1747758388519287,43,2250.1941080093384,experimentos_pinn/modelos_salvos/modelo_hcqnn_basic_mlp_n_2_b_1_n_qubits_4_k_3_n_vertex_5_n_l_5_seed_1926.pth,experimentos_pinn/historicos_loss/loss_hcqnn_basic_mlp_n_2_b_1_n_qubits_4_k_3_n_vertex_5_n_l_5_seed_1926.json,7.958135392982513e-05,7.993171180714853e-05
HCQNN,hcqnn_basic_mlp,MLP,Tanh(),0.002,15000,basic,2,1,4,3,8,1,1924,hcqnn_basic_mlp_n_2_b_1_n_qubits_4_k_3_n_vertex_8_n_l_1_seed_1924,0.00013122388918418437,2.571988344192505,30,1980.948800086975,experimentos_pinn/modelos_salvos/modelo_hcqnn_basic_mlp_n_2_b_1_n_qubits_4_k_3_n_vertex_8_n_l_1_seed_1924.pth,experimentos_pinn/historicos_loss/loss_hcqnn_basic_mlp_n_2_b_1_n_qubits_4_k_3_n_vertex_8_n_l_1_seed_1924.json,0.00017803817172534764,0.00017847554583568125
HCQNN,hcqnn_basic_mlp,MLP,Tanh(),0.002,15000,basic,2,1,4,3,8,1,1925,hcqnn_basic_mlp_n_2_b_1_n_qubits_4_k_3_n_vertex_8_n_l_1_seed_1925,4.043937587994151e-05,0.792611837387085,30,1977.5967121124268,experimentos_pinn/modelos_salvos/modelo_hcqnn_basic_mlp_n_2_b_1_n_qubits_4_k_3_n_vertex_8_n_l_1_seed_1925.pth,experimentos_pinn/historicos_loss/loss_hcqnn_basic_mlp_n_2_b_1_n_qubits_4_k_3_n_vertex_8_n_l_1_seed_1925.json,6.063033652026206e-05,6.11639521230245e-05
HCQNN,hcqnn_basic_mlp,MLP,Tanh(),0.002,15000,basic,2,1,4,3,8,1,1926,hcqnn_basic_mlp_n_2_b_1_n_qubits_4_k_3_n_vertex_8_n_l_1_seed_1926,2.1373716663219966e-05,0.41892480850219727,30,1984.5073127746582,experimentos_pinn/modelos_salvos/modelo_hcqnn_basic_mlp_n_2_b_1_n_qubits_4_k_3_n_vertex_8_n_l_1_seed_1926.pth,experimentos_pinn/historicos_loss/loss_hcqnn_basic_mlp_n_2_b_1_n_qubits_4_k_3_n_vertex_8_n_l_1_seed_1926.json,3.071691753575578e-05,2.968825985590229e-05
HCQNN,hcqnn_basic_mlp,MLP,Tanh(),0.002,15000,basic,2,1,4,3,8,2,1924,hcqnn_basic_mlp_n_2_b_1_n_qubits_4_k_3_n_vertex_8_n_l_2_seed_1924,1.9552779122022912e-05,0.38323450088500977,34,2314.9283440113068,experimentos_pinn/modelos_salvos/modelo_hcqnn_basic_mlp_n_2_b_1_n_qubits_4_k_3_n_vertex_8_n_l_2_seed_1924.pth,experimentos_pinn/historicos_loss/loss_hcqnn_basic_mlp_n_2_b_1_n_qubits_4_k_3_n_vertex_8_n_l_2_seed_1924.json,2.638531987031456e-05,2.727286409935914e-05
HCQNN,hcqnn_basic_mlp,MLP,Tanh(),0.002,15000,basic,2,1,4,3,8,2,1925,hcqnn_basic_mlp_n_2_b_1_n_qubits_4_k_3_n_vertex_8_n_l_2_seed_1925,4.580835593515076e-05,0.8978440165519714,34,2318.038741827011,experimentos_pinn/modelos_salvos/modelo_hcqnn_basic_mlp_n_2_b_1_n_qubits_4_k_3_n_vertex_8_n_l_2_seed_1925.pth,experimentos_pinn/historicos_loss/loss_hcqnn_basic_mlp_n_2_b_1_n_qubits_4_k_3_n_vertex_8_n_l_2_seed_1925.json,6.967216177145019e-05,7.85246918530902e-05
HCQNN,hcqnn_basic_mlp,MLP,Tanh(),0.002,15000,basic,2,1,4,3,8,2,1926,hcqnn_basic_mlp_n_2_b_1_n_qubits_4_k_3_n_vertex_8_n_l_2_seed_1926,1.5117370821826626e-05,0.29630041122436523,34,2289.663996219635,experimentos_pinn/modelos_salvos/modelo_hcqnn_basic_mlp_n_2_b_1_n_qubits_4_k_3_n_vertex_8_n_l_2_seed_1926.pth,experimentos_pinn/historicos_loss/loss_hcqnn_basic_mlp_n_2_b_1_n_qubits_4_k_3_n_vertex_8_n_l_2_seed_1926.json,2.2666989025310613e-05,2.2768588569306302e-05
HCQNN,hcqnn_basic_mlp,MLP,Tanh(),0.002,15000,basic,2,1,4,3,8,3,1924,hcqnn_basic_mlp_n_2_b_1_n_qubits_4_k_3_n_vertex_8_n_l_3_seed_1924,2.365510954405181e-05,0.4636401832103729,38,2512.0043816566467,experimentos_pinn/modelos_salvos/modelo_hcqnn_basic_mlp_n_2_b_1_n_qubits_4_k_3_n_vertex_8_n_l_3_seed_1924.pth,experimentos_pinn/historicos_loss/loss_hcqnn_basic_mlp_n_2_b_1_n_qubits_4_k_3_n_vertex_8_n_l_3_seed_1924.json,3.392478174646385e-05,3.392956212337594e-05
HCQNN,hcqnn_basic_mlp,MLP,Tanh(),0.002,15000,basic,2,1,4,3,8,3,1925,hcqnn_basic_mlp_n_2_b_1_n_qubits_4_k_3_n_vertex_8_n_l_3_seed_1925,1.1356299182807561e-05,0.22258347272872925,38,2500.1160321235657,experimentos_pinn/modelos_salvos/modelo_hcqnn_basic_mlp_n_2_b_1_n_qubits_4_k_3_n_vertex_8_n_l_3_seed_1925.pth,experimentos_pinn/historicos_loss/loss_hcqnn_basic_mlp_n_2_b_1_n_qubits_4_k_3_n_vertex_8_n_l_3_seed_1925.json,1.853452886280138e-05,1.964464148841216e-05
HCQNN,hcqnn_basic_mlp,MLP,Tanh(),0.002,15000,basic,2,1,4,3,8,3,1926,hcqnn_basic_mlp_n_2_b_1_n_qubits_4_k_3_n_vertex_8_n_l_3_seed_1926,7.769477633701172e-06,0.1522817760705948,38,2511.7000494003296,experimentos_pinn/modelos_salvos/modelo_hcqnn_basic_mlp_n_2_b_1_n_qubits_4_k_3_n_vertex_8_n_l_3_seed_1926.pth,experimentos_pinn/historicos_loss/loss_hcqnn_basic_mlp_n_2_b_1_n_qubits_4_k_3_n_vertex_8_n_l_3_seed_1926.json,1.1407952115405351e-05,1.3042382070125314e-05
HCQNN,hcqnn_basic_mlp,MLP,Tanh(),0.002,15000,basic,2,1,4,3,8,5,1924,hcqnn_basic_mlp_n_2_b_1_n_qubits_4_k_3_n_vertex_8_n_l_5_seed_1924,8.444310878985561e-06,0.1655084490776062,46,3092.12273812294,experimentos_pinn/modelos_salvos/modelo_hcqnn_basic_mlp_n_2_b_1_n_qubits_4_k_3_n_vertex_8_n_l_5_seed_1924.pth,experimentos_pinn/historicos_loss/loss_hcqnn_basic_mlp_n_2_b_1_n_qubits_4_k_3_n_vertex_8_n_l_5_seed_1924.json,1.058420730259968e-05,1.0631953764459467e-05
HCQNN,hcqnn_basic_mlp,MLP,Tanh(),0.002,15000,basic,2,1,4,3,8,5,1925,hcqnn_basic_mlp_n_2_b_1_n_qubits_4_k_3_n_vertex_8_n_l_5_seed_1925,1.5208079275907949e-05,0.2980782985687256,46,3093.9318327903748,experimentos_pinn/modelos_salvos/modelo_hcqnn_basic_mlp_n_2_b_1_n_qubits_4_k_3_n_vertex_8_n_l_5_seed_1925.pth,experimentos_pinn/historicos_loss/loss_hcqnn_basic_mlp_n_2_b_1_n_qubits_4_k_3_n_vertex_8_n_l_5_seed_1925.json,2.153681816707831e-05,2.769503773379256e-05
HCQNN,hcqnn_basic_mlp,MLP,Tanh(),0.002,15000,basic,2,1,4,3,8,5,1926,hcqnn_basic_mlp_n_2_b_1_n_qubits_4_k_3_n_vertex_8_n_l_5_seed_1926,2.112330184900202e-05,0.4140166640281677,46,3094.0449647903442,experimentos_pinn/modelos_salvos/modelo_hcqnn_basic_mlp_n_2_b_1_n_qubits_4_k_3_n_vertex_8_n_l_5_seed_1926.pth,experimentos_pinn/historicos_loss/loss_hcqnn_basic_mlp_n_2_b_1_n_qubits_4_k_3_n_vertex_8_n_l_5_seed_1926.json,2.975999996124301e-05,4.210268869428546e-05
HCQNN,hcqnn_basic_mlp,MLP,Tanh(),0.002,15000,basic,2,1,4,3,12,1,1924,hcqnn_basic_mlp_n_2_b_1_n_qubits_4_k_3_n_vertex_12_n_l_1_seed_1924,0.00011654282570816576,2.2842395305633545,34,2520.759039878845,experimentos_pinn/modelos_salvos/modelo_hcqnn_basic_mlp_n_2_b_1_n_qubits_4_k_3_n_vertex_12_n_l_1_seed_1924.pth,experimentos_pinn/historicos_loss/loss_hcqnn_basic_mlp_n_2_b_1_n_qubits_4_k_3_n_vertex_12_n_l_1_seed_1924.json,0.00015875266399234533,0.00015931045039906165
HCQNN,hcqnn_basic_mlp,MLP,Tanh(),0.002,15000,basic,2,1,4,3,12,1,1925,hcqnn_basic_mlp_n_2_b_1_n_qubits_4_k_3_n_vertex_12_n_l_1_seed_1925,2.8163027309346944e-05,0.5519953370094299,34,2530.0241084098816,experimentos_pinn/modelos_salvos/modelo_hcqnn_basic_mlp_n_2_b_1_n_qubits_4_k_3_n_vertex_12_n_l_1_seed_1925.pth,experimentos_pinn/historicos_loss/loss_hcqnn_basic_mlp_n_2_b_1_n_qubits_4_k_3_n_vertex_12_n_l_1_seed_1925.json,4.381411417853087e-05,4.852099718846148e-05
HCQNN,hcqnn_basic_mlp,MLP,Tanh(),0.002,15000,basic,2,1,4,3,12,1,1926,hcqnn_basic_mlp_n_2_b_1_n_qubits_4_k_3_n_vertex_12_n_l_1_seed_1926,1.692046134849079e-05,0.3316410183906555,34,2550.8169136047363,experimentos_pinn/modelos_salvos/modelo_hcqnn_basic_mlp_n_2_b_1_n_qubits_4_k_3_n_vertex_12_n_l_1_seed_1926.pth,experimentos_pinn/historicos_loss/loss_hcqnn_basic_mlp_n_2_b_1_n_qubits_4_k_3_n_vertex_12_n_l_1_seed_1926.json,2.517296525184065e-05,2.5218287937605055e-05
HCQNN,hcqnn_basic_mlp,MLP,Tanh(),0.002,15000,basic,2,1,4,3,12,2,1924,hcqnn_basic_mlp_n_2_b_1_n_qubits_4_k_3_n_vertex_12_n_l_2_seed_1924,2.1614830984617583e-05,0.4236506223678589,38,2803.3050055503845,experimentos_pinn/modelos_salvos/modelo_hcqnn_basic_mlp_n_2_b_1_n_qubits_4_k_3_n_vertex_12_n_l_2_seed_1924.pth,experimentos_pinn/historicos_loss/loss_hcqnn_basic_mlp_n_2_b_1_n_qubits_4_k_3_n_vertex_12_n_l_2_seed_1924.json,3.1178722565528005e-05,3.4912761384475745e-05
HCQNN,hcqnn_basic_mlp,MLP,Tanh(),0.002,15000,basic,2,1,4,3,12,2,1925,hcqnn_basic_mlp_n_2_b_1_n_qubits_4_k_3_n_vertex_12_n_l_2_seed_1925,5.663280899170786e-05,1.1100029945373535,38,2787.407176733017,experimentos_pinn/modelos_salvos/modelo_hcqnn_basic_mlp_n_2_b_1_n_qubits_4_k_3_n_vertex_12_n_l_2_seed_1925.pth,experimentos_pinn/historicos_loss/loss_hcqnn_basic_mlp_n_2_b_1_n_qubits_4_k_3_n_vertex_12_n_l_2_seed_1925.json,0.00011874458141392097,4.2705283522082024e-05
HCQNN,hcqnn_basic_mlp,MLP,Tanh(),0.002,15000,basic,2,1,4,3,12,2,1926,hcqnn_basic_mlp_n_2_b_1_n_qubits_4_k_3_n_vertex_12_n_l_2_seed_1926,9.599237091606483e-05,1.8814506530761719,38,2779.9565722942352,experimentos_pinn/modelos_salvos/modelo_hcqnn_basic_mlp_n_2_b_1_n_qubits_4_k_3_n_vertex_12_n_l_2_seed_1926.pth,experimentos_pinn/historicos_loss/loss_hcqnn_basic_mlp_n_2_b_1_n_qubits_4_k_3_n_vertex_12_n_l_2_seed_1926.json,0.0001336002314928919,0.00013702303025638684
HCQNN,hcqnn_basic_mlp,MLP,Tanh(),0.002,15000,basic,2,1,4,3,12,3,1924,hcqnn_basic_mlp_n_2_b_1_n_qubits_4_k_3_n_vertex_12_n_l_3_seed_1924,8.27999974717386e-06,0.16228801012039185,42,3045.8277060985565,experimentos_pinn/modelos_salvos/modelo_hcqnn_basic_mlp_n_2_b_1_n_qubits_4_k_3_n_vertex_12_n_l_3_seed_1924.pth,experimentos_pinn/historicos_loss/loss_hcqnn_basic_mlp_n_2_b_1_n_qubits_4_k_3_n_vertex_12_n_l_3_seed_1924.json,1.4511209883494303e-05,1.5087289011717075e-05
HCQNN,hcqnn_basic_mlp,MLP,Tanh(),0.002,15000,basic,2,1,4,3,12,3,1925,hcqnn_basic_mlp_n_2_b_1_n_qubits_4_k_3_n_vertex_12_n_l_3_seed_1925,9.206805771100335e-06,0.1804533749818802,42,3044.2276797294617,experimentos_pinn/modelos_salvos/modelo_hcqnn_basic_mlp_n_2_b_1_n_qubits_4_k_3_n_vertex_12_n_l_3_seed_1925.pth,experimentos_pinn/historicos_loss/loss_hcqnn_basic_mlp_n_2_b_1_n_qubits_4_k_3_n_vertex_12_n_l_3_seed_1925.json,1.1984158845734783e-05,1.2518961029854837e-05
HCQNN,hcqnn_basic_mlp,MLP,Tanh(),0.002,15000,basic,2,1,4,3,12,3,1926,hcqnn_basic_mlp_n_2_b_1_n_qubits_4_k_3_n_vertex_12_n_l_3_seed_1926,8.752444955462124e-06,0.17154794931411743,42,3044.408685207367,experimentos_pinn/modelos_salvos/modelo_hcqnn_basic_mlp_n_2_b_1_n_qubits_4_k_3_n_vertex_12_n_l_3_seed_1926.pth,experimentos_pinn/historicos_loss/loss_hcqnn_basic_mlp_n_2_b_1_n_qubits_4_k_3_n_vertex_12_n_l_3_seed_1926.json,1.0882329661399126e-05,1.3655530174219167e-05
HCQNN,hcqnn_basic_mlp,MLP,Tanh(),0.002,15000,basic,2,1,4,3,12,5,1924,hcqnn_basic_mlp_n_2_b_1_n_qubits_4_k_3_n_vertex_12_n_l_5_seed_1924,7.1235449468076695e-06,0.13962149620056152,50,3558.220671415329,experimentos_pinn/modelos_salvos/modelo_hcqnn_basic_mlp_n_2_b_1_n_qubits_4_k_3_n_vertex_12_n_l_5_seed_1924.pth,experimentos_pinn/historicos_loss/loss_hcqnn_basic_mlp_n_2_b_1_n_qubits_4_k_3_n_vertex_12_n_l_5_seed_1924.json,9.059638614417054e-06,8.730234276299597e-06
HCQNN,hcqnn_basic_mlp,MLP,Tanh(),0.002,15000,basic,2,1,4,3,12,5,1925,hcqnn_basic_mlp_n_2_b_1_n_qubits_4_k_3_n_vertex_12_n_l_5_seed_1925,9.906686500471551e-06,0.19417108595371246,50,3560.444573879242,experimentos_pinn/modelos_salvos/modelo_hcqnn_basic_mlp_n_2_b_1_n_qubits_4_k_3_n_vertex_12_n_l_5_seed_1925.pth,experimentos_pinn/historicos_loss/loss_hcqnn_basic_mlp_n_2_b_1_n_qubits_4_k_3_n_vertex_12_n_l_5_seed_1925.json,2.461019357724581e-05,1.1029738825527602e-05
HCQNN,hcqnn_basic_mlp,MLP,Tanh(),0.002,15000,basic,2,1,4,3,12,5,1926,hcqnn_basic_mlp_n_2_b_1_n_qubits_4_k_3_n_vertex_12_n_l_5_seed_1926,1.1738224202417769e-05,0.2300691455602646,50,3561.9960453510284,experimentos_pinn/modelos_salvos/modelo_hcqnn_basic_mlp_n_2_b_1_n_qubits_4_k_3_n_vertex_12_n_l_5_seed_1926.pth,experimentos_pinn/historicos_loss/loss_hcqnn_basic_mlp_n_2_b_1_n_qubits_4_k_3_n_vertex_12_n_l_5_seed_1926.json,1.7924878193298355e-05,2.5280038062192035e-05
HCQNN,hcqnn_basic_mlp,MLP,Tanh(),0.002,15000,basic,2,2,4,2,5,1,1924,hcqnn_basic_mlp_n_2_b_2_n_qubits_4_k_2_n_vertex_5_n_l_1_seed_1924,7.395322609227151e-05,1.4494831562042236,33,939.3503744602203,experimentos_pinn/modelos_salvos/modelo_hcqnn_basic_mlp_n_2_b_2_n_qubits_4_k_2_n_vertex_5_n_l_1_seed_1924.pth,experimentos_pinn/historicos_loss/loss_hcqnn_basic_mlp_n_2_b_2_n_qubits_4_k_2_n_vertex_5_n_l_1_seed_1924.json,0.00011116980022052303,0.00012416050500178245
HCQNN,hcqnn_basic_mlp,MLP,Tanh(),0.002,15000,basic,2,2,4,2,5,1,1925,hcqnn_basic_mlp_n_2_b_2_n_qubits_4_k_2_n_vertex_5_n_l_1_seed_1925,1.740758125379216e-05,0.34118857979774475,33,1042.9038441181183,experimentos_pinn/modelos_salvos/modelo_hcqnn_basic_mlp_n_2_b_2_n_qubits_4_k_2_n_vertex_5_n_l_1_seed_1925.pth,experimentos_pinn/historicos_loss/loss_hcqnn_basic_mlp_n_2_b_2_n_qubits_4_k_2_n_vertex_5_n_l_1_seed_1925.json,4.133840775466524e-05,3.5882004522136415e-05
HCQNN,hcqnn_basic_mlp,MLP,Tanh(),0.002,15000,basic,2,2,4,2,5,1,1926,hcqnn_basic_mlp_n_2_b_2_n_qubits_4_k_2_n_vertex_5_n_l_1_seed_1926,1.3132356798450928e-05,0.2573941648006439,33,978.8984270095825,experimentos_pinn/modelos_salvos/modelo_hcqnn_basic_mlp_n_2_b_2_n_qubits_4_k_2_n_vertex_5_n_l_1_seed_1926.pth,experimentos_pinn/historicos_loss/loss_hcqnn_basic_mlp_n_2_b_2_n_qubits_4_k_2_n_vertex_5_n_l_1_seed_1926.json,1.9027751477551647e-05,2.1268143827910536e-05
HCQNN,hcqnn_basic_mlp,MLP,Tanh(),0.002,15000,basic,2,2,4,2,5,2,1924,hcqnn_basic_mlp_n_2_b_2_n_qubits_4_k_2_n_vertex_5_n_l_2_seed_1924,2.7557305656955577e-05,0.5401231050491333,37,1194.2520792484283,experimentos_pinn/modelos_salvos/modelo_hcqnn_basic_mlp_n_2_b_2_n_qubits_4_k_2_n_vertex_5_n_l_2_seed_1924.pth,experimentos_pinn/historicos_loss/loss_hcqnn_basic_mlp_n_2_b_2_n_qubits_4_k_2_n_vertex_5_n_l_2_seed_1924.json,3.789540642173961e-05,4.57660797474091e-05
HCQNN,hcqnn_basic_mlp,MLP,Tanh(),0.002,15000,basic,2,2,4,2,5,2,1925,hcqnn_basic_mlp_n_2_b_2_n_qubits_4_k_2_n_vertex_5_n_l_2_seed_1925,0.00010244389704894274,2.0079002380371094,37,1189.5504202842712,experimentos_pinn/modelos_salvos/modelo_hcqnn_basic_mlp_n_2_b_2_n_qubits_4_k_2_n_vertex_5_n_l_2_seed_1925.pth,experimentos_pinn/historicos_loss/loss_hcqnn_basic_mlp_n_2_b_2_n_qubits_4_k_2_n_vertex_5_n_l_2_seed_1925.json,0.0001393890706822276,0.00013999151648022234
HCQNN,hcqnn_basic_mlp,MLP,Tanh(),0.002,15000,basic,2,2,4,2,5,2,1926,hcqnn_basic_mlp_n_2_b_2_n_qubits_4_k_2_n_vertex_5_n_l_2_seed_1926,8.966028872237075e-06,0.17573413252830505,37,1186.5029697418213,experimentos_pinn/modelos_salvos/modelo_hcqnn_basic_mlp_n_2_b_2_n_qubits_4_k_2_n_vertex_5_n_l_2_seed_1926.pth,experimentos_pinn/historicos_loss/loss_hcqnn_basic_mlp_n_2_b_2_n_qubits_4_k_2_n_vertex_5_n_l_2_seed_1926.json,1.1262730367889162e-05,1.3974291850900045e-05
HCQNN,hcqnn_basic_mlp,MLP,Tanh(),0.002,15000,basic,2,2,4,2,5,3,1924,hcqnn_basic_mlp_n_2_b_2_n_qubits_4_k_2_n_vertex_5_n_l_3_seed_1924,3.0313898605527356e-05,0.5941524505615234,41,1534.7974121570587,experimentos_pinn/modelos_salvos/modelo_hcqnn_basic_mlp_n_2_b_2_n_qubits_4_k_2_n_vertex_5_n_l_3_seed_1924.pth,experimentos_pinn/historicos_loss/loss_hcqnn_basic_mlp_n_2_b_2_n_qubits_4_k_2_n_vertex_5_n_l_3_seed_1924.json,6.457092968048528e-05,1.1652445218715002e-05
HCQNN,hcqnn_basic_mlp,MLP,Tanh(),0.002,15000,basic,2,2,4,2,5,3,1925,hcqnn_basic_mlp_n_2_b_2_n_qubits_4_k_2_n_vertex_5_n_l_3_seed_1925,1.6803553080535494e-05,0.3293496370315552,41,1494.0245628356934,experimentos_pinn/modelos_salvos/modelo_hcqnn_basic_mlp_n_2_b_2_n_qubits_4_k_2_n_vertex_5_n_l_3_seed_1925.pth,experimentos_pinn/historicos_loss/loss_hcqnn_basic_mlp_n_2_b_2_n_qubits_4_k_2_n_vertex_5_n_l_3_seed_1925.json,2.548636075516697e-05,2.553210744736134e-05
HCQNN,hcqnn_basic_mlp,MLP,Tanh(),0.002,15000,basic,2,2,4,2,5,3,1926,hcqnn_basic_mlp_n_2_b_2_n_qubits_4_k_2_n_vertex_5_n_l_3_seed_1926,2.4878956537577324e-05,0.48762747645378113,41,1490.0422582626343,experimentos_pinn/modelos_salvos/modelo_hcqnn_basic_mlp_n_2_b_2_n_qubits_4_k_2_n_vertex_5_n_l_3_seed_1926.pth,experimentos_pinn/historicos_loss/loss_hcqnn_basic_mlp_n_2_b_2_n_qubits_4_k_2_n_vertex_5_n_l_3_seed_1926.json,3.503385960357264e-05,3.5146623413311315e-05
HCQNN,hcqnn_basic_mlp,MLP,Tanh(),0.002,15000,basic,2,2,4,2,5,5,1924,hcqnn_basic_mlp_n_2_b_2_n_qubits_4_k_2_n_vertex_5_n_l_5_seed_1924,1.223075742018409e-05,0.2397228181362152,49,2115.2926321029663,experimentos_pinn/modelos_salvos/modelo_hcqnn_basic_mlp_n_2_b_2_n_qubits_4_k_2_n_vertex_5_n_l_5_seed_1924.pth,experimentos_pinn/historicos_loss/loss_hcqnn_basic_mlp_n_2_b_2_n_qubits_4_k_2_n_vertex_5_n_l_5_seed_1924.json,1.6413327102782205e-05,2.2850662608107085e-05
HCQNN,hcqnn_basic_mlp,MLP,Tanh(),0.002,15000,basic,2,2,4,2,5,5,1925,hcqnn_basic_mlp_n_2_b_2_n_qubits_4_k_2_n_vertex_5_n_l_5_seed_1925,6.589164513570722e-06,0.12914763391017914,49,2106.1056418418884,experimentos_pinn/modelos_salvos/modelo_hcqnn_basic_mlp_n_2_b_2_n_qubits_4_k_2_n_vertex_5_n_l_5_seed_1925.pth,experimentos_pinn/historicos_loss/loss_hcqnn_basic_mlp_n_2_b_2_n_qubits_4_k_2_n_vertex_5_n_l_5_seed_1925.json,7.085469405865297e-06,1.2567662342917175e-05
HCQNN,hcqnn_basic_mlp,MLP,Tanh(),0.002,15000,basic,2,2,4,2,5,5,1926,hcqnn_basic_mlp_n_2_b_2_n_qubits_4_k_2_n_vertex_5_n_l_5_seed_1926,1.2987419722776394e-05,0.2545533776283264,49,2097.773458957672,experimentos_pinn/modelos_salvos/modelo_hcqnn_basic_mlp_n_2_b_2_n_qubits_4_k_2_n_vertex_5_n_l_5_seed_1926.pth,experimentos_pinn/historicos_loss/loss_hcqnn_basic_mlp_n_2_b_2_n_qubits_4_k_2_n_vertex_5_n_l_5_seed_1926.json,1.835076000133995e-05,1.9201551367586944e-05
HCQNN,hcqnn_basic_mlp,MLP,Tanh(),0.002,15000,basic,2,2,4,2,8,1,1924,hcqnn_basic_mlp_n_2_b_2_n_qubits_4_k_2_n_vertex_8_n_l_1_seed_1924,6.679607031401247e-05,1.309203028678894,36,1553.247276544571,experimentos_pinn/modelos_salvos/modelo_hcqnn_basic_mlp_n_2_b_2_n_qubits_4_k_2_n_vertex_8_n_l_1_seed_1924.pth,experimentos_pinn/historicos_loss/loss_hcqnn_basic_mlp_n_2_b_2_n_qubits_4_k_2_n_vertex_8_n_l_1_seed_1924.json,9.100210445467383e-05,0.00010800660180393607
HCQNN,hcqnn_basic_mlp,MLP,Tanh(),0.002,15000,basic,2,2,4,2,8,1,1925,hcqnn_basic_mlp_n_2_b_2_n_qubits_4_k_2_n_vertex_8_n_l_1_seed_1925,1.7701799151836894e-05,0.34695520997047424,36,1501.0772831439972,experimentos_pinn/modelos_salvos/modelo_hcqnn_basic_mlp_n_2_b_2_n_qubits_4_k_2_n_vertex_8_n_l_1_seed_1925.pth,experimentos_pinn/historicos_loss/loss_hcqnn_basic_mlp_n_2_b_2_n_qubits_4_k_2_n_vertex_8_n_l_1_seed_1925.json,2.9489368898794055e-05,2.985721219374682e-05
HCQNN,hcqnn_basic_mlp,MLP,Tanh(),0.002,15000,basic,2,2,4,2,8,1,1926,hcqnn_basic_mlp_n_2_b_2_n_qubits_4_k_2_n_vertex_8_n_l_1_seed_1926,0.00010480292257852852,2.0541372299194336,36,1469.680582523346,experimentos_pinn/modelos_salvos/modelo_hcqnn_basic_mlp_n_2_b_2_n_qubits_4_k_2_n_vertex_8_n_l_1_seed_1926.pth,experimentos_pinn/historicos_loss/loss_hcqnn_basic_mlp_n_2_b_2_n_qubits_4_k_2_n_vertex_8_n_l_1_seed_1926.json,0.00014339963672682643,0.00014369838128914126
HCQNN,hcqnn_basic_mlp,MLP,Tanh(),0.002,15000,basic,2,2,4,2,8,2,1924,hcqnn_basic_mlp_n_2_b_2_n_qubits_4_k_2_n_vertex_8_n_l_2_seed_1924,2.412050343991723e-05,0.4727618992328644,40,1675.488038301468,experimentos_pinn/modelos_salvos/modelo_hcqnn_basic_mlp_n_2_b_2_n_qubits_4_k_2_n_vertex_8_n_l_2_seed_1924.pth,experimentos_pinn/historicos_loss/loss_hcqnn_basic_mlp_n_2_b_2_n_qubits_4_k_2_n_vertex_8_n_l_2_seed_1924.json,3.317238952149637e-05,3.328089795104461e-05
HCQNN,hcqnn_basic_mlp,MLP,Tanh(),0.002,15000,basic,2,2,4,2,8,2,1925,hcqnn_basic_mlp_n_2_b_2_n_qubits_4_k_2_n_vertex_8_n_l_2_seed_1925,2.4075225155684166e-05,0.4718743562698364,40,1694.7519180774689,experimentos_pinn/modelos_salvos/modelo_hcqnn_basic_mlp_n_2_b_2_n_qubits_4_k_2_n_vertex_8_n_l_2_seed_1925.pth,experimentos_pinn/historicos_loss/loss_hcqnn_basic_mlp_n_2_b_2_n_qubits_4_k_2_n_vertex_8_n_l_2_seed_1925.json,3.411765646887943e-05,3.4161766307079234e-05
HCQNN,hcqnn_basic_mlp,MLP,Tanh(),0.002,15000,basic,2,2,4,2,8,2,1926,hcqnn_basic_mlp_n_2_b_2_n_qubits_4_k_2_n_vertex_8_n_l_2_seed_1926,1.8425078451400623e-05,0.36113157868385315,40,1680.823404788971,experimentos_pinn/modelos_salvos/modelo_hcqnn_basic_mlp_n_2_b_2_n_qubits_4_k_2_n_vertex_8_n_l_2_seed_1926.pth,experimentos_pinn/historicos_loss/loss_hcqnn_basic_mlp_n_2_b_2_n_qubits_4_k_2_n_vertex_8_n_l_2_seed_1926.json,2.5245330107281916e-05,2.6956507772410985e-05
HCQNN,hcqnn_basic_mlp,MLP,Tanh(),0.002,15000,basic,2,2,4,2,8,3,1924,hcqnn_basic_mlp_n_2_b_2_n_qubits_4_k_2_n_vertex_8_n_l_3_seed_1924,8.313055332109798e-06,0.16293585300445557,44,1995.7392318248749,experimentos_pinn/modelos_salvos/modelo_hcqnn_basic_mlp_n_2_b_2_n_qubits_4_k_2_n_vertex_8_n_l_3_seed_1924.pth,experimentos_pinn/historicos_loss/loss_hcqnn_basic_mlp_n_2_b_2_n_qubits_4_k_2_n_vertex_8_n_l_3_seed_1924.json,1.0971221854561009e-05,1.7250143791898153e-05
HCQNN,hcqnn_basic_mlp,MLP,Tanh(),0.002,15000,basic,2,2,4,2,8,3,1925,hcqnn_basic_mlp_n_2_b_2_n_qubits_4_k_2_n_vertex_8_n_l_3_seed_1925,1.4727826965099666e-05,0.28866541385650635,44,1987.8671588897705,experimentos_pinn/modelos_salvos/modelo_hcqnn_basic_mlp_n_2_b_2_n_qubits_4_k_2_n_vertex_8_n_l_3_seed_1925.pth,experimentos_pinn/historicos_loss/loss_hcqnn_basic_mlp_n_2_b_2_n_qubits_4_k_2_n_vertex_8_n_l_3_seed_1925.json,2.191259409300983e-05,2.8433095340005822e-05
HCQNN,hcqnn_basic_mlp,MLP,Tanh(),0.002,15000,basic,2,2,4,2,8,3,1926,hcqnn_basic_mlp_n_2_b_2_n_qubits_4_k_2_n_vertex_8_n_l_3_seed_1926,6.394364027073607e-05,1.2532953023910522,44,1946.230395078659,experimentos_pinn/modelos_salvos/modelo_hcqnn_basic_mlp_n_2_b_2_n_qubits_4_k_2_n_vertex_8_n_l_3_seed_1926.pth,experimentos_pinn/historicos_loss/loss_hcqnn_basic_mlp_n_2_b_2_n_qubits_4_k_2_n_vertex_8_n_l_3_seed_1926.json,0.00012973570846952498,4.6499875898007305e-05
HCQNN,hcqnn_basic_mlp,MLP,Tanh(),0.002,15000,basic,2,2,4,2,8,5,1924,hcqnn_basic_mlp_n_2_b_2_n_qubits_4_k_2_n_vertex_8_n_l_5_seed_1924,2.349888382013887e-05,0.46057814359664917,52,2478.247942686081,experimentos_pinn/modelos_salvos/modelo_hcqnn_basic_mlp_n_2_b_2_n_qubits_4_k_2_n_vertex_8_n_l_5_seed_1924.pth,experimentos_pinn/historicos_loss/loss_hcqnn_basic_mlp_n_2_b_2_n_qubits_4_k_2_n_vertex_8_n_l_5_seed_1924.json,3.2972438930300996e-05,4.190099738480058e-05
HCQNN,hcqnn_basic_mlp,MLP,Tanh(),0.002,15000,basic,2,2,4,2,8,5,1925,hcqnn_basic_mlp_n_2_b_2_n_qubits_4_k_2_n_vertex_8_n_l_5_seed_1925,1.409824653819669e-05,0.27632564306259155,52,2477.017225265503,experimentos_pinn/modelos_salvos/modelo_hcqnn_basic_mlp_n_2_b_2_n_qubits_4_k_2_n_vertex_8_n_l_5_seed_1925.pth,experimentos_pinn/historicos_loss/loss_hcqnn_basic_mlp_n_2_b_2_n_qubits_4_k_2_n_vertex_8_n_l_5_seed_1925.json,1.9022605556529015e-05,1.9608546626841416e-05
HCQNN,hcqnn_basic_mlp,MLP,Tanh(),0.002,15000,basic,2,2,4,2,8,5,1926,hcqnn_basic_mlp_n_2_b_2_n_qubits_4_k_2_n_vertex_8_n_l_5_seed_1926,3.4387619962217286e-05,0.6739973425865173,52,2478.6468377113342,experimentos_pinn/modelos_salvos/modelo_hcqnn_basic_mlp_n_2_b_2_n_qubits_4_k_2_n_vertex_8_n_l_5_seed_1926.pth,experimentos_pinn/historicos_loss/loss_hcqnn_basic_mlp_n_2_b_2_n_qubits_4_k_2_n_vertex_8_n_l_5_seed_1926.json,4.888855619356036e-05,6.174265650770395e-05
HCQNN,hcqnn_basic_mlp,MLP,Tanh(),0.002,15000,basic,2,2,4,2,12,1,1924,hcqnn_basic_mlp_n_2_b_2_n_qubits_4_k_2_n_vertex_12_n_l_1_seed_1924,0.00014565658057108521,2.8548696041107178,40,2293.4456498622894,experimentos_pinn/modelos_salvos/modelo_hcqnn_basic_mlp_n_2_b_2_n_qubits_4_k_2_n_vertex_12_n_l_1_seed_1924.pth,experimentos_pinn/historicos_loss/loss_hcqnn_basic_mlp_n_2_b_2_n_qubits_4_k_2_n_vertex_12_n_l_1_seed_1924.json,0.00019703598809428513,0.00019751805215491913
HCQNN,hcqnn_basic_mlp,MLP,Tanh(),0.002,15000,basic,2,2,4,2,12,1,1925,hcqnn_basic_mlp_n_2_b_2_n_qubits_4_k_2_n_vertex_12_n_l_1_seed_1925,5.614499605144374e-05,1.1004419326782227,40,2352.6403698921204,experimentos_pinn/modelos_salvos/modelo_hcqnn_basic_mlp_n_2_b_2_n_qubits_4_k_2_n_vertex_12_n_l_1_seed_1925.pth,experimentos_pinn/historicos_loss/loss_hcqnn_basic_mlp_n_2_b_2_n_qubits_4_k_2_n_vertex_12_n_l_1_seed_1925.json,8.086305024335161e-05,8.137103417539037e-05
HCQNN,hcqnn_basic_mlp,MLP,Tanh(),0.002,15000,basic,2,2,4,2,12,1,1926,hcqnn_basic_mlp_n_2_b_2_n_qubits_4_k_2_n_vertex_12_n_l_1_seed_1926,0.00017547178140375763,3.4392473697662354,40,2315.937722682953,experimentos_pinn/modelos_salvos/modelo_hcqnn_basic_mlp_n_2_b_2_n_qubits_4_k_2_n_vertex_12_n_l_1_seed_1926.pth,experimentos_pinn/historicos_loss/loss_hcqnn_basic_mlp_n_2_b_2_n_qubits_4_k_2_n_vertex_12_n_l_1_seed_1926.json,0.0002175183326471597,0.0002505780089995824
HCQNN,hcqnn_basic_mlp,MLP,Tanh(),0.002,15000,basic,2,2,4,2,12,2,1924,hcqnn_basic_mlp_n_2_b_2_n_qubits_4_k_2_n_vertex_12_n_l_2_seed_1924,1.3860288163414225e-05,0.271661639213562,44,2593.1875643730164,experimentos_pinn/modelos_salvos/modelo_hcqnn_basic_mlp_n_2_b_2_n_qubits_4_k_2_n_vertex_12_n_l_2_seed_1924.pth,experimentos_pinn/historicos_loss/loss_hcqnn_basic_mlp_n_2_b_2_n_qubits_4_k_2_n_vertex_12_n_l_2_seed_1924.json,1.98599518625997e-05,2.5928716804628494e-05
HCQNN,hcqnn_basic_mlp,MLP,Tanh(),0.002,15000,basic,2,2,4,2,12,2,1925,hcqnn_basic_mlp_n_2_b_2_n_qubits_4_k_2_n_vertex_12_n_l_2_seed_1925,1.8947055650642142e-05,0.37136220932006836,44,2574.5617351531982,experimentos_pinn/modelos_salvos/modelo_hcqnn_basic_mlp_n_2_b_2_n_qubits_4_k_2_n_vertex_12_n_l_2_seed_1925.pth,experimentos_pinn/historicos_loss/loss_hcqnn_basic_mlp_n_2_b_2_n_qubits_4_k_2_n_vertex_12_n_l_2_seed_1925.json,2.6606661776895635e-05,2.664674109837506e-05
HCQNN,hcqnn_basic_mlp,MLP,Tanh(),0.002,15000,basic,2,2,4,2,12,2,1926,hcqnn_basic_mlp_n_2_b_2_n_qubits_4_k_2_n_vertex_12_n_l_2_seed_1926,0.00010283740994054824,2.015613317489624,44,2545.5714199543,experimentos_pinn/modelos_salvos/modelo_hcqnn_basic_mlp_n_2_b_2_n_qubits_4_k_2_n_vertex_12_n_l_2_seed_1926.pth,experimentos_pinn/historicos_loss/loss_hcqnn_basic_mlp_n_2_b_2_n_qubits_4_k_2_n_vertex_12_n_l_2_seed_1926.json,0.00013872604176867753,0.00013883722305763513
HCQNN,hcqnn_basic_mlp,MLP,Tanh(),0.002,15000,basic,2,2,4,2,12,3,1924,hcqnn_basic_mlp_n_2_b_2_n_qubits_4_k_2_n_vertex_12_n_l_3_seed_1924,1.3580030099547002e-05,0.2661685347557068,48,2789.466514825821,experimentos_pinn/modelos_salvos/modelo_hcqnn_basic_mlp_n_2_b_2_n_qubits_4_k_2_n_vertex_12_n_l_3_seed_1924.pth,experimentos_pinn/historicos_loss/loss_hcqnn_basic_mlp_n_2_b_2_n_qubits_4_k_2_n_vertex_12_n_l_3_seed_1924.json,1.876133683254011e-05,2.4526633533241694e-05
HCQNN,hcqnn_basic_mlp,MLP,Tanh(),0.002,15000,basic,2,2,4,2,12,3,1925,hcqnn_basic_mlp_n_2_b_2_n_qubits_4_k_2_n_vertex_12_n_l_3_seed_1925,1.460765543015441e-05,0.2863100469112396,48,2817.400309085846,experimentos_pinn/modelos_salvos/modelo_hcqnn_basic_mlp_n_2_b_2_n_qubits_4_k_2_n_vertex_12_n_l_3_seed_1925.pth,experimentos_pinn/historicos_loss/loss_hcqnn_basic_mlp_n_2_b_2_n_qubits_4_k_2_n_vertex_12_n_l_3_seed_1925.json,2.0721028704429045e-05,2.9085090409353144e-05
HCQNN,hcqnn_basic_mlp,MLP,Tanh(),0.002,15000,basic,2,2,4,2,12,3,1926,hcqnn_basic_mlp_n_2_b_2_n_qubits_4_k_2_n_vertex_12_n_l_3_seed_1926,3.2508920412510633e-05,0.6371748447418213,48,2793.2742438316345,experimentos_pinn/modelos_salvos/modelo_hcqnn_basic_mlp_n_2_b_2_n_qubits_4_k_2_n_vertex_12_n_l_3_seed_1926.pth,experimentos_pinn/historicos_loss/loss_hcqnn_basic_mlp_n_2_b_2_n_qubits_4_k_2_n_vertex_12_n_l_3_seed_1926.json,4.730563159682788e-05,6.188324630784336e-05
HCQNN,hcqnn_basic_mlp,MLP,Tanh(),0.002,15000,basic,2,2,4,2,12,5,1924,hcqnn_basic_mlp_n_2_b_2_n_qubits_4_k_2_n_vertex_12_n_l_5_seed_1924,2.0404759197845124e-05,0.3999333381652832,56,3347.7229568958282,experimentos_pinn/modelos_salvos/modelo_hcqnn_basic_mlp_n_2_b_2_n_qubits_4_k_2_n_vertex_12_n_l_5_seed_1924.pth,experimentos_pinn/historicos_loss/loss_hcqnn_basic_mlp_n_2_b_2_n_qubits_4_k_2_n_vertex_12_n_l_5_seed_1924.json,2.8589280191226862e-05,3.9097937751648714e-05
HCQNN,hcqnn_basic_mlp,MLP,Tanh(),0.002,15000,basic,2,2,4,2,12,5,1925,hcqnn_basic_mlp_n_2_b_2_n_qubits_4_k_2_n_vertex_12_n_l_5_seed_1925,6.551983915414894e-06,0.12841886281967163,56,3370.904639482498,experimentos_pinn/modelos_salvos/modelo_hcqnn_basic_mlp_n_2_b_2_n_qubits_4_k_2_n_vertex_12_n_l_5_seed_1925.pth,experimentos_pinn/historicos_loss/loss_hcqnn_basic_mlp_n_2_b_2_n_qubits_4_k_2_n_vertex_12_n_l_5_seed_1925.json,6.060505711502628e-06,6.115691703598713e-06
HCQNN,hcqnn_basic_mlp,MLP,Tanh(),0.002,15000,basic,2,2,4,2,12,5,1926,hcqnn_basic_mlp_n_2_b_2_n_qubits_4_k_2_n_vertex_12_n_l_5_seed_1926,1.316746693191817e-05,0.2580823600292206,56,3384.081480026245,experimentos_pinn/modelos_salvos/modelo_hcqnn_basic_mlp_n_2_b_2_n_qubits_4_k_2_n_vertex_12_n_l_5_seed_1926.pth,experimentos_pinn/historicos_loss/loss_hcqnn_basic_mlp_n_2_b_2_n_qubits_4_k_2_n_vertex_12_n_l_5_seed_1926.json,1.8182790881837718e-05,2.9253000029711984e-05
HCQNN,hcqnn_basic_mlp,MLP,Tanh(),0.002,15000,basic,2,2,4,3,5,1,1924,hcqnn_basic_mlp_n_2_b_2_n_qubits_4_k_3_n_vertex_5_n_l_1_seed_1924,3.106030271737836e-05,0.608782172203064,33,1149.64906001091,experimentos_pinn/modelos_salvos/modelo_hcqnn_basic_mlp_n_2_b_2_n_qubits_4_k_3_n_vertex_5_n_l_1_seed_1924.pth,experimentos_pinn/historicos_loss/loss_hcqnn_basic_mlp_n_2_b_2_n_qubits_4_k_3_n_vertex_5_n_l_1_seed_1924.json,4.761635136674158e-05,5.703465751139447e-05
HCQNN,hcqnn_basic_mlp,MLP,Tanh(),0.002,15000,basic,2,2,4,3,5,1,1925,hcqnn_basic_mlp_n_2_b_2_n_qubits_4_k_3_n_vertex_5_n_l_1_seed_1925,1.4260122043197043e-05,0.2794983983039856,33,1134.6216249465942,experimentos_pinn/modelos_salvos/modelo_hcqnn_basic_mlp_n_2_b_2_n_qubits_4_k_3_n_vertex_5_n_l_1_seed_1925.pth,experimentos_pinn/historicos_loss/loss_hcqnn_basic_mlp_n_2_b_2_n_qubits_4_k_3_n_vertex_5_n_l_1_seed_1925.json,2.0188632333884016e-05,2.8528698858281133e-05
HCQNN,hcqnn_basic_mlp,MLP,Tanh(),0.002,15000,basic,2,2,4,3,5,1,1926,hcqnn_basic_mlp_n_2_b_2_n_qubits_4_k_3_n_vertex_5_n_l_1_seed_1926,9.412591316504404e-05,1.8448678255081177,33,1156.2913959026337,experimentos_pinn/modelos_salvos/modelo_hcqnn_basic_mlp_n_2_b_2_n_qubits_4_k_3_n_vertex_5_n_l_1_seed_1926.pth,experimentos_pinn/historicos_loss/loss_hcqnn_basic_mlp_n_2_b_2_n_qubits_4_k_3_n_vertex_5_n_l_1_seed_1926.json,0.00013038261386100203,0.00013061314792139455
HCQNN,hcqnn_basic_mlp,MLP,Tanh(),0.002,15000,basic,2,2,4,3,5,2,1924,hcqnn_basic_mlp_n_2_b_2_n_qubits_4_k_3_n_vertex_5_n_l_2_seed_1924,1.137936760642333e-05,0.2230355590581894,37,1467.9617602825165,experimentos_pinn/modelos_salvos/modelo_hcqnn_basic_mlp_n_2_b_2_n_qubits_4_k_3_n_vertex_5_n_l_2_seed_1924.pth,experimentos_pinn/historicos_loss/loss_hcqnn_basic_mlp_n_2_b_2_n_qubits_4_k_3_n_vertex_5_n_l_2_seed_1924.json,1.5052291018946562e-05,2.1764078137493926e-05
HCQNN,hcqnn_basic_mlp,MLP,Tanh(),0.002,15000,basic,2,2,4,3,5,2,1925,hcqnn_basic_mlp_n_2_b_2_n_qubits_4_k_3_n_vertex_5_n_l_2_seed_1925,6.035783007973805e-05,1.1830135583877563,37,1459.9483623504639,experimentos_pinn/modelos_salvos/modelo_hcqnn_basic_mlp_n_2_b_2_n_qubits_4_k_3_n_vertex_5_n_l_2_seed_1925.pth,experimentos_pinn/historicos_loss/loss_hcqnn_basic_mlp_n_2_b_2_n_qubits_4_k_3_n_vertex_5_n_l_2_seed_1925.json,9.225961548509076e-05,9.543813946947921e-05
HCQNN,hcqnn_basic_mlp,MLP,Tanh(),0.002,15000,basic,2,2,4,3,5,2,1926,hcqnn_basic_mlp_n_2_b_2_n_qubits_4_k_3_n_vertex_5_n_l_2_seed_1926,1.6197629520320334e-05,0.31747350096702576,37,1443.1662769317627,experimentos_pinn/modelos_salvos/modelo_hcqnn_basic_mlp_n_2_b_2_n_qubits_4_k_3_n_vertex_5_n_l_2_seed_1926.pth,experimentos_pinn/historicos_loss/loss_hcqnn_basic_mlp_n_2_b_2_n_qubits_4_k_3_n_vertex_5_n_l_2_seed_1926.json,2.359967038501054e-05,3.0788361618760975e-05
HCQNN,hcqnn_basic_mlp,MLP,Tanh(),0.002,15000,basic,2,2,4,3,5,3,1924,hcqnn_basic_mlp_n_2_b_2_n_qubits_4_k_3_n_vertex_5_n_l_3_seed_1924,7.919298695924226e-06,0.1552182286977768,41,1666.323768377304,experimentos_pinn/modelos_salvos/modelo_hcqnn_basic_mlp_n_2_b_2_n_qubits_4_k_3_n_vertex_5_n_l_3_seed_1924.pth,experimentos_pinn/historicos_loss/loss_hcqnn_basic_mlp_n_2_b_2_n_qubits_4_k_3_n_vertex_5_n_l_3_seed_1924.json,8.472557055938523e-06,1.0140823760593776e-05
HCQNN,hcqnn_basic_mlp,MLP,Tanh(),0.002,15000,basic,2,2,4,3,5,3,1925,hcqnn_basic_mlp_n_2_b_2_n_qubits_4_k_3_n_vertex_5_n_l_3_seed_1925,0.0001742249442031607,3.414808988571167,41,1670.1547861099243,experimentos_pinn/modelos_salvos/modelo_hcqnn_basic_mlp_n_2_b_2_n_qubits_4_k_3_n_vertex_5_n_l_3_seed_1925.pth,experimentos_pinn/historicos_loss/loss_hcqnn_basic_mlp_n_2_b_2_n_qubits_4_k_3_n_vertex_5_n_l_3_seed_1925.json,0.00023358922044280916,0.00023666122055146844
HCQNN,hcqnn_basic_mlp,MLP,Tanh(),0.002,15000,basic,2,2,4,3,5,3,1926,hcqnn_basic_mlp_n_2_b_2_n_qubits_4_k_3_n_vertex_5_n_l_3_seed_1926,1.239402627106756e-05,0.242922842502594,41,1667.754166841507,experimentos_pinn/modelos_salvos/modelo_hcqnn_basic_mlp_n_2_b_2_n_qubits_4_k_3_n_vertex_5_n_l_3_seed_1926.pth,experimentos_pinn/historicos_loss/loss_hcqnn_basic_mlp_n_2_b_2_n_qubits_4_k_3_n_vertex_5_n_l_3_seed_1926.json,1.9730357962544076e-05,2.2724333048245173e-05
HCQNN,hcqnn_basic_mlp,MLP,Tanh(),0.002,15000,basic,2,2,4,3,5,5,1924,hcqnn_basic_mlp_n_2_b_2_n_qubits_4_k_3_n_vertex_5_n_l_5_seed_1924,1.6667176168994047e-05,0.326676607131958,49,2275.9881858825684,experimentos_pinn/modelos_salvos/modelo_hcqnn_basic_mlp_n_2_b_2_n_qubits_4_k_3_n_vertex_5_n_l_5_seed_1924.pth,experimentos_pinn/historicos_loss/loss_hcqnn_basic_mlp_n_2_b_2_n_qubits_4_k_3_n_vertex_5_n_l_5_seed_1924.json,2.2181377062224783e-05,3.433051871979842e-05
HCQNN,hcqnn_basic_mlp,MLP,Tanh(),0.002,15000,basic,2,2,4,3,5,5,1925,hcqnn_basic_mlp_n_2_b_2_n_qubits_4_k_3_n_vertex_5_n_l_5_seed_1925,6.0542070059455e-06,0.11866245418787003,49,2290.167093038559,experimentos_pinn/modelos_salvos/modelo_hcqnn_basic_mlp_n_2_b_2_n_qubits_4_k_3_n_vertex_5_n_l_5_seed_1925.pth,experimentos_pinn/historicos_loss/loss_hcqnn_basic_mlp_n_2_b_2_n_qubits_4_k_3_n_vertex_5_n_l_5_seed_1925.json,4.6038671825954225e-06,4.8090647214849015e-06
HCQNN,hcqnn_basic_mlp,MLP,Tanh(),0.002,15000,basic,2,2,4,3,5,5,1926,hcqnn_basic_mlp_n_2_b_2_n_qubits_4_k_3_n_vertex_5_n_l_5_seed_1926,7.278183147718664e-06,0.14265239238739014,49,2278.3582198619843,experimentos_pinn/modelos_salvos/modelo_hcqnn_basic_mlp_n_2_b_2_n_qubits_4_k_3_n_vertex_5_n_l_5_seed_1926.pth,experimentos_pinn/historicos_loss/loss_hcqnn_basic_mlp_n_2_b_2_n_qubits_4_k_3_n_vertex_5_n_l_5_seed_1926.json,7.579975772387115e-06,7.625270977769106e-06
HCQNN,hcqnn_basic_mlp,MLP,Tanh(),0.002,15000,basic,2,2,4,3,8,1,1924,hcqnn_basic_mlp_n_2_b_2_n_qubits_4_k_3_n_vertex_8_n_l_1_seed_1924,0.00018034061940852553,3.5346763134002686,36,2023.0115220546722,experimentos_pinn/modelos_salvos/modelo_hcqnn_basic_mlp_n_2_b_2_n_qubits_4_k_3_n_vertex_8_n_l_1_seed_1924.pth,experimentos_pinn/historicos_loss/loss_hcqnn_basic_mlp_n_2_b_2_n_qubits_4_k_3_n_vertex_8_n_l_1_seed_1924.json,0.00024097179993987083,0.00025684193838969803
HCQNN,hcqnn_basic_mlp,MLP,Tanh(),0.002,15000,basic,2,2,4,3,8,1,1925,hcqnn_basic_mlp_n_2_b_2_n_qubits_4_k_3_n_vertex_8_n_l_1_seed_1925,2.4758977815508842e-05,0.48527586460113525,36,2004.740779876709,experimentos_pinn/modelos_salvos/modelo_hcqnn_basic_mlp_n_2_b_2_n_qubits_4_k_3_n_vertex_8_n_l_1_seed_1925.pth,experimentos_pinn/historicos_loss/loss_hcqnn_basic_mlp_n_2_b_2_n_qubits_4_k_3_n_vertex_8_n_l_1_seed_1925.json,3.7278066884027794e-05,3.833115857560188e-05
HCQNN,hcqnn_basic_mlp,MLP,Tanh(),0.002,15000,basic,2,2,4,3,8,1,1926,hcqnn_basic_mlp_n_2_b_2_n_qubits_4_k_3_n_vertex_8_n_l_1_seed_1926,2.7432735805632547e-05,0.5376816391944885,36,1990.816777229309,experimentos_pinn/modelos_salvos/modelo_hcqnn_basic_mlp_n_2_b_2_n_qubits_4_k_3_n_vertex_8_n_l_1_seed_1926.pth,experimentos_pinn/historicos_loss/loss_hcqnn_basic_mlp_n_2_b_2_n_qubits_4_k_3_n_vertex_8_n_l_1_seed_1926.json,3.9667898818152025e-05,3.9743448542139956e-05
