model_type,run_id_prefix,lr,epochs,activation,hidden,blocks,seed,run_id,mse_teste_normalizado,mse_teste_desnormalizado,num_params,training_time_sec,model_path,loss_history_path,final_total_loss,mean_last_100_loss
MLP,mlp,0.005,15000,Tanh(),2,1,1958,mlp_n_2_b_1_seed_1958,0.00010200504766544327,1.9992988109588623,9,42.33322310447693,experimentos_pinn/modelos_salvos/modelo_mlp_n_2_b_1_seed_1958.pth,experimentos_pinn/historicos_loss/loss_mlp_n_2_b_1_seed_1958.json,0.00013574209879152477,0.00013881283244700172
MLP,mlp,0.005,15000,Tanh(),2,1,1962,mlp_n_2_b_1_seed_1962,0.00010199164535151795,1.9990366697311401,9,15.124665260314941,experimentos_pinn/modelos_salvos/modelo_mlp_n_2_b_1_seed_1962.pth,experimentos_pinn/historicos_loss/loss_mlp_n_2_b_1_seed_1962.json,0.00013451173435896635,0.0001377599775150884
MLP,mlp,0.005,15000,Tanh(),2,1,1970,mlp_n_2_b_1_seed_1970,0.00010182656842516735,1.9958007335662842,9,15.160766839981079,experimentos_pinn/modelos_salvos/modelo_mlp_n_2_b_1_seed_1970.pth,experimentos_pinn/historicos_loss/loss_mlp_n_2_b_1_seed_1970.json,0.00013485531962942332,0.0001359112560749054
MLP,mlp,0.005,15000,Tanh(),2,1,1994,mlp_n_2_b_1_seed_1994,0.00010185792780248448,1.9964154958724976,9,15.189568042755127,experimentos_pinn/modelos_salvos/modelo_mlp_n_2_b_1_seed_1994.pth,experimentos_pinn/historicos_loss/loss_mlp_n_2_b_1_seed_1994.json,0.0001343623735010624,0.00013728020072449
MLP,mlp,0.005,15000,Tanh(),2,1,2002,mlp_n_2_b_1_seed_2002,0.0001016328897094354,1.992004632949829,9,15.19959020614624,experimentos_pinn/modelos_salvos/modelo_mlp_n_2_b_1_seed_2002.pth,experimentos_pinn/historicos_loss/loss_mlp_n_2_b_1_seed_2002.json,0.00013500246859621257,0.0001352614261850249
MLP,mlp,0.005,15000,Tanh(),2,1,1900,mlp_n_2_b_1_seed_1900,0.0003339055401738733,6.544548988342285,9,15.21120548248291,experimentos_pinn/modelos_salvos/modelo_mlp_n_2_b_1_seed_1900.pth,experimentos_pinn/historicos_loss/loss_mlp_n_2_b_1_seed_1900.json,0.00039069121703505516,0.0003980294815846719
MLP,mlp,0.005,15000,Tanh(),2,1,1905,mlp_n_2_b_1_seed_1905,0.0002457961090840399,4.817604064941406,9,15.173983812332153,experimentos_pinn/modelos_salvos/modelo_mlp_n_2_b_1_seed_1905.pth,experimentos_pinn/historicos_loss/loss_mlp_n_2_b_1_seed_1905.json,0.0003194475721102208,0.0003199637972284108
MLP,mlp,0.005,15000,Tanh(),2,1,1924,mlp_n_2_b_1_seed_1924,0.0002781636139843613,5.45200777053833,9,15.169894695281982,experimentos_pinn/modelos_salvos/modelo_mlp_n_2_b_1_seed_1924.pth,experimentos_pinn/historicos_loss/loss_mlp_n_2_b_1_seed_1924.json,0.0003520528262015432,0.00036535022518364714
MLP,mlp,0.005,15000,Tanh(),2,1,1925,mlp_n_2_b_1_seed_1925,0.00023826953838579357,4.670083522796631,9,15.164414644241333,experimentos_pinn/modelos_salvos/modelo_mlp_n_2_b_1_seed_1925.pth,experimentos_pinn/historicos_loss/loss_mlp_n_2_b_1_seed_1925.json,0.00031079381005838513,0.0003122214859467931
MLP,mlp,0.005,15000,Tanh(),2,1,1926,mlp_n_2_b_1_seed_1926,7.021540659479797e-05,1.376221776008606,9,15.182394742965698,experimentos_pinn/modelos_salvos/modelo_mlp_n_2_b_1_seed_1926.pth,experimentos_pinn/historicos_loss/loss_mlp_n_2_b_1_seed_1926.json,9.793420758796856e-05,9.800813844776713e-05
MLP,mlp,0.005,15000,Tanh(),2,2,1958,mlp_n_2_b_2_seed_1958,2.7986954592051916e-05,0.5485442280769348,15,19.896435499191284,experimentos_pinn/modelos_salvos/modelo_mlp_n_2_b_2_seed_1958.pth,experimentos_pinn/historicos_loss/loss_mlp_n_2_b_2_seed_1958.json,3.959525565733202e-05,3.9650667895330115e-05
MLP,mlp,0.005,15000,Tanh(),2,2,1962,mlp_n_2_b_2_seed_1962,0.00013062864309176803,2.560321807861328,15,20.043386459350586,experimentos_pinn/modelos_salvos/modelo_mlp_n_2_b_2_seed_1962.pth,experimentos_pinn/historicos_loss/loss_mlp_n_2_b_2_seed_1962.json,0.00019650207832455635,0.00016034993517678232
MLP,mlp,0.005,15000,Tanh(),2,2,1970,mlp_n_2_b_2_seed_1970,0.00010643423593137413,2.086111307144165,15,93.17686247825623,experimentos_pinn/modelos_salvos/modelo_mlp_n_2_b_2_seed_1970.pth,experimentos_pinn/historicos_loss/loss_mlp_n_2_b_2_seed_1970.json,0.00014239244046621025,0.00016576458525378258
MLP,mlp,0.005,15000,Tanh(),2,2,1994,mlp_n_2_b_2_seed_1994,7.463531801477075e-05,1.4628522396087646,15,20.046724557876587,experimentos_pinn/modelos_salvos/modelo_mlp_n_2_b_2_seed_1994.pth,experimentos_pinn/historicos_loss/loss_mlp_n_2_b_2_seed_1994.json,9.937671711668372e-05,9.947285790985916e-05
MLP,mlp,0.005,15000,Tanh(),2,2,2002,mlp_n_2_b_2_seed_2002,1.3151287930668332e-05,0.2577652335166931,15,24.30308198928833,experimentos_pinn/modelos_salvos/modelo_mlp_n_2_b_2_seed_2002.pth,experimentos_pinn/historicos_loss/loss_mlp_n_2_b_2_seed_2002.json,1.7292079064645804e-05,1.73657378036296e-05
MLP,mlp,0.005,15000,Tanh(),2,2,1900,mlp_n_2_b_2_seed_1900,0.00019908118702005595,3.901991605758667,15,19.850856065750122,experimentos_pinn/modelos_salvos/modelo_mlp_n_2_b_2_seed_1900.pth,experimentos_pinn/historicos_loss/loss_mlp_n_2_b_2_seed_1900.json,0.00026460958179086447,0.0002651015139417723
MLP,mlp,0.005,15000,Tanh(),2,2,1905,mlp_n_2_b_2_seed_1905,8.361053914995864e-06,0.16387662291526794,15,19.845104455947876,experimentos_pinn/modelos_salvos/modelo_mlp_n_2_b_2_seed_1905.pth,experimentos_pinn/historicos_loss/loss_mlp_n_2_b_2_seed_1905.json,9.84709186013788e-06,9.893803389786625e-06
MLP,mlp,0.005,15000,Tanh(),2,2,1924,mlp_n_2_b_2_seed_1924,2.8675329303951003e-05,0.5620365738868713,15,19.878041744232178,experimentos_pinn/modelos_salvos/modelo_mlp_n_2_b_2_seed_1924.pth,experimentos_pinn/historicos_loss/loss_mlp_n_2_b_2_seed_1924.json,4.354971679276787e-05,5.489153769303812e-05
MLP,mlp,0.005,15000,Tanh(),2,2,1925,mlp_n_2_b_2_seed_1925,5.261027399683371e-05,1.0311613082885742,15,19.912675857543945,experimentos_pinn/modelos_salvos/modelo_mlp_n_2_b_2_seed_1925.pth,experimentos_pinn/historicos_loss/loss_mlp_n_2_b_2_seed_1925.json,7.123818068066612e-05,7.14830507786246e-05
MLP,mlp,0.005,15000,Tanh(),2,2,1926,mlp_n_2_b_2_seed_1926,0.0001044130403897725,2.0464956760406494,15,19.879588842391968,experimentos_pinn/modelos_salvos/modelo_mlp_n_2_b_2_seed_1926.pth,experimentos_pinn/historicos_loss/loss_mlp_n_2_b_2_seed_1926.json,0.0001404894283041358,0.00014059200475458056
MLP,mlp,0.005,15000,Tanh(),2,3,1958,mlp_n_2_b_3_seed_1958,1.2149257599958219e-05,0.23812544345855713,21,24.604062795639038,experimentos_pinn/modelos_salvos/modelo_mlp_n_2_b_3_seed_1958.pth,experimentos_pinn/historicos_loss/loss_mlp_n_2_b_3_seed_1958.json,1.658858855080325e-05,1.712543793473742e-05
MLP,mlp,0.005,15000,Tanh(),2,3,1962,mlp_n_2_b_3_seed_1962,0.00013358188152778894,2.6182050704956055,21,24.6034996509552,experimentos_pinn/modelos_salvos/modelo_mlp_n_2_b_3_seed_1962.pth,experimentos_pinn/historicos_loss/loss_mlp_n_2_b_3_seed_1962.json,0.00020623307500500232,0.00022830183937912806
MLP,mlp,0.005,15000,Tanh(),2,3,1970,mlp_n_2_b_3_seed_1970,8.508081373292953e-05,1.6675840616226196,21,24.609029054641724,experimentos_pinn/modelos_salvos/modelo_mlp_n_2_b_3_seed_1970.pth,experimentos_pinn/historicos_loss/loss_mlp_n_2_b_3_seed_1970.json,0.00011317778989905491,0.00011321057929308153
MLP,mlp,0.005,15000,Tanh(),2,3,1994,mlp_n_2_b_3_seed_1994,3.2542553526582196e-05,0.6378340721130371,21,51.908559799194336,experimentos_pinn/modelos_salvos/modelo_mlp_n_2_b_3_seed_1994.pth,experimentos_pinn/historicos_loss/loss_mlp_n_2_b_3_seed_1994.json,5.10412355652079e-05,6.978686738875694e-05
MLP,mlp,0.005,15000,Tanh(),2,3,2002,mlp_n_2_b_3_seed_2002,2.2078877009334974e-05,0.43274593353271484,21,24.759839057922363,experimentos_pinn/modelos_salvos/modelo_mlp_n_2_b_3_seed_2002.pth,experimentos_pinn/historicos_loss/loss_mlp_n_2_b_3_seed_2002.json,2.5812116291490383e-05,3.399109873498673e-05
MLP,mlp,0.005,15000,Tanh(),2,3,1900,mlp_n_2_b_3_seed_1900,3.593186556827277e-05,0.7042646408081055,21,24.700307607650757,experimentos_pinn/modelos_salvos/modelo_mlp_n_2_b_3_seed_1900.pth,experimentos_pinn/historicos_loss/loss_mlp_n_2_b_3_seed_1900.json,5.410366429714486e-05,5.6477403122698886e-05
MLP,mlp,0.005,15000,Tanh(),2,3,1905,mlp_n_2_b_3_seed_1905,8.433607035840396e-06,0.1652987003326416,21,24.691091537475586,experimentos_pinn/modelos_salvos/modelo_mlp_n_2_b_3_seed_1905.pth,experimentos_pinn/historicos_loss/loss_mlp_n_2_b_3_seed_1905.json,9.269097063224763e-06,9.303308497692341e-06
MLP,mlp,0.005,15000,Tanh(),2,3,1924,mlp_n_2_b_3_seed_1924,7.158332664403133e-06,0.14030331373214722,21,25.01504635810852,experimentos_pinn/modelos_salvos/modelo_mlp_n_2_b_3_seed_1924.pth,experimentos_pinn/historicos_loss/loss_mlp_n_2_b_3_seed_1924.json,5.970131496724207e-06,5.983136406939593e-06
MLP,mlp,0.005,15000,Tanh(),2,3,1925,mlp_n_2_b_3_seed_1925,5.631485237245215e-06,0.11037708818912506,21,24.732900619506836,experimentos_pinn/modelos_salvos/modelo_mlp_n_2_b_3_seed_1925.pth,experimentos_pinn/historicos_loss/loss_mlp_n_2_b_3_seed_1925.json,4.505217475525569e-06,5.563238196373277e-06
MLP,mlp,0.005,15000,Tanh(),2,3,1926,mlp_n_2_b_3_seed_1926,7.683393050683662e-06,0.15059450268745422,21,42.586708068847656,experimentos_pinn/modelos_salvos/modelo_mlp_n_2_b_3_seed_1926.pth,experimentos_pinn/historicos_loss/loss_mlp_n_2_b_3_seed_1926.json,7.576723874080926e-06,7.780631594869192e-06
MLP,mlp,0.005,15000,Tanh(),3,1,1958,mlp_n_3_b_1_seed_1958,2.3950178729137406e-05,0.4694235622882843,13,111.66168236732483,experimentos_pinn/modelos_salvos/modelo_mlp_n_3_b_1_seed_1958.pth,experimentos_pinn/historicos_loss/loss_mlp_n_3_b_1_seed_1958.json,3.574884249246679e-05,3.9678883949818556e-05
MLP,mlp,0.005,15000,Tanh(),3,1,1962,mlp_n_3_b_1_seed_1962,0.00011972904758295044,2.3466897010803223,13,113.60994458198547,experimentos_pinn/modelos_salvos/modelo_mlp_n_3_b_1_seed_1962.pth,experimentos_pinn/historicos_loss/loss_mlp_n_3_b_1_seed_1962.json,0.00016234525537583977,0.00015783952272613533
MLP,mlp,0.005,15000,Tanh(),3,1,1970,mlp_n_3_b_1_seed_1970,8.934752258937806e-05,1.751211404800415,13,121.75913262367249,experimentos_pinn/modelos_salvos/modelo_mlp_n_3_b_1_seed_1970.pth,experimentos_pinn/historicos_loss/loss_mlp_n_3_b_1_seed_1970.json,0.00011931799963349476,0.00012314115483604837
MLP,mlp,0.005,15000,Tanh(),3,1,1994,mlp_n_3_b_1_seed_1994,1.3896927157475147e-05,0.2723797559738159,13,130.57283997535706,experimentos_pinn/modelos_salvos/modelo_mlp_n_3_b_1_seed_1994.pth,experimentos_pinn/historicos_loss/loss_mlp_n_3_b_1_seed_1994.json,2.2180316591402516e-05,2.3618567993253237e-05
MLP,mlp,0.005,15000,Tanh(),3,1,2002,mlp_n_3_b_1_seed_2002,0.00010117117926711217,1.9829553365707397,13,128.3979206085205,experimentos_pinn/modelos_salvos/modelo_mlp_n_3_b_1_seed_2002.pth,experimentos_pinn/historicos_loss/loss_mlp_n_3_b_1_seed_2002.json,0.00013340289297048002,0.00013343827027711085
MLP,mlp,0.005,15000,Tanh(),3,1,1900,mlp_n_3_b_1_seed_1900,3.964111238019541e-05,0.7769656777381897,13,120.7797691822052,experimentos_pinn/modelos_salvos/modelo_mlp_n_3_b_1_seed_1900.pth,experimentos_pinn/historicos_loss/loss_mlp_n_3_b_1_seed_1900.json,5.457793304231018e-05,5.469651114253793e-05
MLP,mlp,0.005,15000,Tanh(),3,1,1905,mlp_n_3_b_1_seed_1905,0.00010121684317709878,1.9838502407073975,13,119.02115893363953,experimentos_pinn/modelos_salvos/modelo_mlp_n_3_b_1_seed_1905.pth,experimentos_pinn/historicos_loss/loss_mlp_n_3_b_1_seed_1905.json,0.00013396392751019448,0.0001340056183107663
MLP,mlp,0.005,15000,Tanh(),3,1,1924,mlp_n_3_b_1_seed_1924,0.00022712665668223053,4.4516825675964355,13,118.43591737747192,experimentos_pinn/modelos_salvos/modelo_mlp_n_3_b_1_seed_1924.pth,experimentos_pinn/historicos_loss/loss_mlp_n_3_b_1_seed_1924.json,0.00029590632766485214,0.00029938742110971364
MLP,mlp,0.005,15000,Tanh(),3,1,1925,mlp_n_3_b_1_seed_1925,0.0001312948443228379,2.573378801345825,13,93.76508474349976,experimentos_pinn/modelos_salvos/modelo_mlp_n_3_b_1_seed_1925.pth,experimentos_pinn/historicos_loss/loss_mlp_n_3_b_1_seed_1925.json,0.00018040387658402324,0.0001811188222200144
MLP,mlp,0.005,15000,Tanh(),3,1,1926,mlp_n_3_b_1_seed_1926,0.00010199832468060777,1.9991672039031982,13,99.45254635810852,experimentos_pinn/modelos_salvos/modelo_mlp_n_3_b_1_seed_1926.pth,experimentos_pinn/historicos_loss/loss_mlp_n_3_b_1_seed_1926.json,0.00013628587475977838,0.00013640924371429718
MLP,mlp,0.005,15000,Tanh(),3,2,1958,mlp_n_3_b_2_seed_1958,1.2407626854837872e-05,0.24318942427635193,25,175.17551970481873,experimentos_pinn/modelos_salvos/modelo_mlp_n_3_b_2_seed_1958.pth,experimentos_pinn/historicos_loss/loss_mlp_n_3_b_2_seed_1958.json,1.5371188055723906e-05,1.5859606355661528e-05
MLP,mlp,0.005,15000,Tanh(),3,2,1962,mlp_n_3_b_2_seed_1962,7.6013111538486555e-06,0.14898568391799927,25,126.15563035011292,experimentos_pinn/modelos_salvos/modelo_mlp_n_3_b_2_seed_1962.pth,experimentos_pinn/historicos_loss/loss_mlp_n_3_b_2_seed_1962.json,1.4335022569866851e-05,1.5175900125541375e-05
MLP,mlp,0.005,15000,Tanh(),3,2,1970,mlp_n_3_b_2_seed_1970,7.161433586588828e-06,0.14036411046981812,25,133.52805757522583,experimentos_pinn/modelos_salvos/modelo_mlp_n_3_b_2_seed_1970.pth,experimentos_pinn/historicos_loss/loss_mlp_n_3_b_2_seed_1970.json,6.713210950692883e-06,6.722073871969769e-06
MLP,mlp,0.005,15000,Tanh(),3,2,1994,mlp_n_3_b_2_seed_1994,6.128715904196724e-05,1.201228380203247,25,158.47153449058533,experimentos_pinn/modelos_salvos/modelo_mlp_n_3_b_2_seed_1994.pth,experimentos_pinn/historicos_loss/loss_mlp_n_3_b_2_seed_1994.json,8.041634282562882e-05,8.061686450673733e-05
MLP,mlp,0.005,15000,Tanh(),3,2,2002,mlp_n_3_b_2_seed_2002,9.041088924277574e-05,1.772053599357605,25,139.83058094978333,experimentos_pinn/modelos_salvos/modelo_mlp_n_3_b_2_seed_2002.pth,experimentos_pinn/historicos_loss/loss_mlp_n_3_b_2_seed_2002.json,0.00012508466897998005,0.0001292843816918321
MLP,mlp,0.005,15000,Tanh(),3,2,1900,mlp_n_3_b_2_seed_1900,8.799809620541055e-06,0.17247630655765533,25,144.29405570030212,experimentos_pinn/modelos_salvos/modelo_mlp_n_3_b_2_seed_1900.pth,experimentos_pinn/historicos_loss/loss_mlp_n_3_b_2_seed_1900.json,1.0340256267227232e-05,1.799086396204075e-05
MLP,mlp,0.005,15000,Tanh(),3,2,1905,mlp_n_3_b_2_seed_1905,9.642026270739734e-05,1.8898372650146484,25,135.6186285018921,experimentos_pinn/modelos_salvos/modelo_mlp_n_3_b_2_seed_1905.pth,experimentos_pinn/historicos_loss/loss_mlp_n_3_b_2_seed_1905.json,0.00012924743350595236,0.00012940697080921382
MLP,mlp,0.005,15000,Tanh(),3,2,1924,mlp_n_3_b_2_seed_1924,3.787125751841813e-05,0.7422766089439392,25,156.59115862846375,experimentos_pinn/modelos_salvos/modelo_mlp_n_3_b_2_seed_1924.pth,experimentos_pinn/historicos_loss/loss_mlp_n_3_b_2_seed_1924.json,5.3357482102001086e-05,5.381672366638668e-05
MLP,mlp,0.005,15000,Tanh(),3,2,1925,mlp_n_3_b_2_seed_1925,9.45720876188716e-06,0.18536131083965302,25,147.61682844161987,experimentos_pinn/modelos_salvos/modelo_mlp_n_3_b_2_seed_1925.pth,experimentos_pinn/historicos_loss/loss_mlp_n_3_b_2_seed_1925.json,1.1832417840196285e-05,1.189100019473699e-05
MLP,mlp,0.005,15000,Tanh(),3,2,1926,mlp_n_3_b_2_seed_1926,8.744552360440139e-06,0.17139321565628052,25,81.47505712509155,experimentos_pinn/modelos_salvos/modelo_mlp_n_3_b_2_seed_1926.pth,experimentos_pinn/historicos_loss/loss_mlp_n_3_b_2_seed_1926.json,1.0594191735435743e-05,1.0620238017509109e-05
MLP,mlp,0.005,15000,Tanh(),3,3,1958,mlp_n_3_b_3_seed_1958,4.48428800154943e-05,0.8789204359054565,37,115.75483775138855,experimentos_pinn/modelos_salvos/modelo_mlp_n_3_b_3_seed_1958.pth,experimentos_pinn/historicos_loss/loss_mlp_n_3_b_3_seed_1958.json,6.4392268541269e-05,6.712907808832824e-05
MLP,mlp,0.005,15000,Tanh(),3,3,1962,mlp_n_3_b_3_seed_1962,9.061115997610614e-05,1.7759788036346436,37,136.90336680412292,experimentos_pinn/modelos_salvos/modelo_mlp_n_3_b_3_seed_1962.pth,experimentos_pinn/historicos_loss/loss_mlp_n_3_b_3_seed_1962.json,0.00012123605119995773,0.00019275608683528845
MLP,mlp,0.005,15000,Tanh(),3,3,1970,mlp_n_3_b_3_seed_1970,7.763514986436348e-06,0.15216487646102905,37,121.04930448532104,experimentos_pinn/modelos_salvos/modelo_mlp_n_3_b_3_seed_1970.pth,experimentos_pinn/historicos_loss/loss_mlp_n_3_b_3_seed_1970.json,7.301268396986416e-06,7.311572448998049e-06
MLP,mlp,0.005,15000,Tanh(),3,3,1994,mlp_n_3_b_3_seed_1994,1.341046481684316e-05,0.26284512877464294,37,110.4120352268219,experimentos_pinn/modelos_salvos/modelo_mlp_n_3_b_3_seed_1994.pth,experimentos_pinn/historicos_loss/loss_mlp_n_3_b_3_seed_1994.json,1.8485787222743966e-05,1.8751070183498086e-05
MLP,mlp,0.005,15000,Tanh(),3,3,2002,mlp_n_3_b_3_seed_2002,7.118050416465849e-05,1.3951380252838135,37,120.95461869239807,experimentos_pinn/modelos_salvos/modelo_mlp_n_3_b_3_seed_2002.pth,experimentos_pinn/historicos_loss/loss_mlp_n_3_b_3_seed_2002.json,9.554217103868723e-05,9.594749419193249e-05
MLP,mlp,0.005,15000,Tanh(),3,3,1900,mlp_n_3_b_3_seed_1900,7.917829861980863e-06,0.15518943965435028,37,117.2879569530487,experimentos_pinn/modelos_salvos/modelo_mlp_n_3_b_3_seed_1900.pth,experimentos_pinn/historicos_loss/loss_mlp_n_3_b_3_seed_1900.json,7.803475455148146e-06,7.84752822255541e-06
MLP,mlp,0.005,15000,Tanh(),3,3,1905,mlp_n_3_b_3_seed_1905,7.831737093511038e-06,0.15350206196308136,37,113.47640037536621,experimentos_pinn/modelos_salvos/modelo_mlp_n_3_b_3_seed_1905.pth,experimentos_pinn/historicos_loss/loss_mlp_n_3_b_3_seed_1905.json,8.90746287041111e-06,2.4327677092514932e-05
MLP,mlp,0.005,15000,Tanh(),3,3,1924,mlp_n_3_b_3_seed_1924,1.2698128557531163e-05,0.24888333678245544,37,118.69742584228516,experimentos_pinn/modelos_salvos/modelo_mlp_n_3_b_3_seed_1924.pth,experimentos_pinn/historicos_loss/loss_mlp_n_3_b_3_seed_1924.json,1.618990245333407e-05,1.6248103565885686e-05
MLP,mlp,0.005,15000,Tanh(),3,3,1925,mlp_n_3_b_3_seed_1925,8.691334187460598e-06,0.17035016417503357,37,106.62821245193481,experimentos_pinn/modelos_salvos/modelo_mlp_n_3_b_3_seed_1925.pth,experimentos_pinn/historicos_loss/loss_mlp_n_3_b_3_seed_1925.json,9.40657173487125e-06,9.415399281351711e-06
MLP,mlp,0.005,15000,Tanh(),3,3,1926,mlp_n_3_b_3_seed_1926,8.562658877053764e-06,0.16782806813716888,37,134.41646671295166,experimentos_pinn/modelos_salvos/modelo_mlp_n_3_b_3_seed_1926.pth,experimentos_pinn/historicos_loss/loss_mlp_n_3_b_3_seed_1926.json,8.67206745169824e-06,8.717370201338781e-06
MLP,mlp,0.005,15000,Tanh(),5,1,1958,mlp_n_5_b_1_seed_1958,3.517169534461573e-05,0.6893651485443115,21,88.32062482833862,experimentos_pinn/modelos_salvos/modelo_mlp_n_5_b_1_seed_1958.pth,experimentos_pinn/historicos_loss/loss_mlp_n_5_b_1_seed_1958.json,4.862095374846831e-05,5.3976044328010175e-05
MLP,mlp,0.005,15000,Tanh(),5,1,1962,mlp_n_5_b_1_seed_1962,0.00011226710921619087,2.2004354000091553,21,78.98508310317993,experimentos_pinn/modelos_salvos/modelo_mlp_n_5_b_1_seed_1962.pth,experimentos_pinn/historicos_loss/loss_mlp_n_5_b_1_seed_1962.json,0.00015219753549899906,0.00016060058420407585
MLP,mlp,0.005,15000,Tanh(),5,1,1970,mlp_n_5_b_1_seed_1970,9.864214371191338e-05,1.9333860874176025,21,71.14281511306763,experimentos_pinn/modelos_salvos/modelo_mlp_n_5_b_1_seed_1970.pth,experimentos_pinn/historicos_loss/loss_mlp_n_5_b_1_seed_1970.json,0.00012977774895261973,0.00012985536101041363
MLP,mlp,0.005,15000,Tanh(),5,1,1994,mlp_n_5_b_1_seed_1994,0.00013444182695820928,2.6350595951080322,21,77.25631761550903,experimentos_pinn/modelos_salvos/modelo_mlp_n_5_b_1_seed_1994.pth,experimentos_pinn/historicos_loss/loss_mlp_n_5_b_1_seed_1994.json,0.00018262727826368064,0.0001834581169532612
MLP,mlp,0.005,15000,Tanh(),5,1,2002,mlp_n_5_b_1_seed_2002,9.709158621262759e-05,1.902994990348816,21,73.13932633399963,experimentos_pinn/modelos_salvos/modelo_mlp_n_5_b_1_seed_2002.pth,experimentos_pinn/historicos_loss/loss_mlp_n_5_b_1_seed_2002.json,0.0001298918214160949,0.00013985382960527204
MLP,mlp,0.005,15000,Tanh(),5,1,1900,mlp_n_5_b_1_seed_1900,3.815618038061075e-05,0.7478612661361694,21,77.3014874458313,experimentos_pinn/modelos_salvos/modelo_mlp_n_5_b_1_seed_1900.pth,experimentos_pinn/historicos_loss/loss_mlp_n_5_b_1_seed_1900.json,5.77936225454323e-05,5.859716489794664e-05
MLP,mlp,0.005,15000,Tanh(),5,1,1905,mlp_n_5_b_1_seed_1905,7.633503992110491e-05,1.496166706085205,21,67.86457777023315,experimentos_pinn/modelos_salvos/modelo_mlp_n_5_b_1_seed_1905.pth,experimentos_pinn/historicos_loss/loss_mlp_n_5_b_1_seed_1905.json,9.924000914907083e-05,6.235601671505719e-05
MLP,mlp,0.005,15000,Tanh(),5,1,1924,mlp_n_5_b_1_seed_1924,0.00010160628880839795,1.9914833307266235,21,79.67924571037292,experimentos_pinn/modelos_salvos/modelo_mlp_n_5_b_1_seed_1924.pth,experimentos_pinn/historicos_loss/loss_mlp_n_5_b_1_seed_1924.json,0.00013358013529796153,0.00013370058120926843
MLP,mlp,0.005,15000,Tanh(),5,1,1925,mlp_n_5_b_1_seed_1925,7.24448254914023e-05,1.4199186563491821,21,77.40716767311096,experimentos_pinn/modelos_salvos/modelo_mlp_n_5_b_1_seed_1925.pth,experimentos_pinn/historicos_loss/loss_mlp_n_5_b_1_seed_1925.json,8.923710993258283e-05,8.249227059422992e-05
MLP,mlp,0.005,15000,Tanh(),5,1,1926,mlp_n_5_b_1_seed_1926,9.462945308769122e-05,1.8547372817993164,21,83.80401635169983,experimentos_pinn/modelos_salvos/modelo_mlp_n_5_b_1_seed_1926.pth,experimentos_pinn/historicos_loss/loss_mlp_n_5_b_1_seed_1926.json,0.00012360079563222826,0.0001312341942684725
MLP,mlp,0.005,15000,Tanh(),5,2,1958,mlp_n_5_b_2_seed_1958,1.3659148862643633e-05,0.2677192687988281,51,97.21977233886719,experimentos_pinn/modelos_salvos/modelo_mlp_n_5_b_2_seed_1958.pth,experimentos_pinn/historicos_loss/loss_mlp_n_5_b_2_seed_1958.json,1.9239258108427748e-05,3.354803433467169e-05
MLP,mlp,0.005,15000,Tanh(),5,2,1962,mlp_n_5_b_2_seed_1962,7.657723472220823e-06,0.15009135007858276,51,88.18348407745361,experimentos_pinn/modelos_salvos/modelo_mlp_n_5_b_2_seed_1962.pth,experimentos_pinn/historicos_loss/loss_mlp_n_5_b_2_seed_1962.json,8.160119250533171e-06,8.189543150365353e-06
MLP,mlp,0.005,15000,Tanh(),5,2,1970,mlp_n_5_b_2_seed_1970,8.738482392800506e-06,0.17127425968647003,51,97.08089900016785,experimentos_pinn/modelos_salvos/modelo_mlp_n_5_b_2_seed_1970.pth,experimentos_pinn/historicos_loss/loss_mlp_n_5_b_2_seed_1970.json,1.14044378278777e-05,1.141828483014251e-05
MLP,mlp,0.005,15000,Tanh(),5,2,1994,mlp_n_5_b_2_seed_1994,1.19056803669082e-05,0.23335132002830505,51,84.14530777931213,experimentos_pinn/modelos_salvos/modelo_mlp_n_5_b_2_seed_1994.pth,experimentos_pinn/historicos_loss/loss_mlp_n_5_b_2_seed_1994.json,1.44504701893311e-05,1.8725215400081653e-05
MLP,mlp,0.005,15000,Tanh(),5,2,2002,mlp_n_5_b_2_seed_2002,2.0655510525102727e-05,0.4048479497432709,51,93.57526707649231,experimentos_pinn/modelos_salvos/modelo_mlp_n_5_b_2_seed_2002.pth,experimentos_pinn/historicos_loss/loss_mlp_n_5_b_2_seed_2002.json,3.6997113056713715e-05,6.678574281977489e-05
MLP,mlp,0.005,15000,Tanh(),5,2,1900,mlp_n_5_b_2_seed_1900,8.04484443506226e-06,0.1576789915561676,51,92.46970081329346,experimentos_pinn/modelos_salvos/modelo_mlp_n_5_b_2_seed_1900.pth,experimentos_pinn/historicos_loss/loss_mlp_n_5_b_2_seed_1900.json,9.516096724837553e-06,9.54638879193226e-06
MLP,mlp,0.005,15000,Tanh(),5,2,1905,mlp_n_5_b_2_seed_1905,1.1449978046584874e-05,0.2244194597005844,51,92.70815992355347,experimentos_pinn/modelos_salvos/modelo_mlp_n_5_b_2_seed_1905.pth,experimentos_pinn/historicos_loss/loss_mlp_n_5_b_2_seed_1905.json,1.3799145563098136e-05,3.639882429524732e-05
MLP,mlp,0.005,15000,Tanh(),5,2,1924,mlp_n_5_b_2_seed_1924,2.022807893808931e-05,0.3964702785015106,51,98.06213927268982,experimentos_pinn/modelos_salvos/modelo_mlp_n_5_b_2_seed_1924.pth,experimentos_pinn/historicos_loss/loss_mlp_n_5_b_2_seed_1924.json,2.8267688321648166e-05,2.9152336119295796e-05
MLP,mlp,0.005,15000,Tanh(),5,2,1925,mlp_n_5_b_2_seed_1925,3.9108621422201395e-05,0.7665291428565979,51,90.0861930847168,experimentos_pinn/modelos_salvos/modelo_mlp_n_5_b_2_seed_1925.pth,experimentos_pinn/historicos_loss/loss_mlp_n_5_b_2_seed_1925.json,5.431623139884323e-05,5.491633291967446e-05
MLP,mlp,0.005,15000,Tanh(),5,2,1926,mlp_n_5_b_2_seed_1926,7.534849373769248e-06,0.1476830542087555,51,97.2609646320343,experimentos_pinn/modelos_salvos/modelo_mlp_n_5_b_2_seed_1926.pth,experimentos_pinn/historicos_loss/loss_mlp_n_5_b_2_seed_1926.json,8.422453902312554e-06,8.437538972430048e-06
MLP,mlp,0.005,15000,Tanh(),5,3,1958,mlp_n_5_b_3_seed_1958,1.1298317986074835e-05,0.22144712507724762,81,112.40387606620789,experimentos_pinn/modelos_salvos/modelo_mlp_n_5_b_3_seed_1958.pth,experimentos_pinn/historicos_loss/loss_mlp_n_5_b_3_seed_1958.json,1.8625247321324423e-05,3.463238787389855e-05
MLP,mlp,0.005,15000,Tanh(),5,3,1962,mlp_n_5_b_3_seed_1962,8.517940841556992e-06,0.16695159673690796,81,101.1234941482544,experimentos_pinn/modelos_salvos/modelo_mlp_n_5_b_3_seed_1962.pth,experimentos_pinn/historicos_loss/loss_mlp_n_5_b_3_seed_1962.json,1.2156506272731349e-05,1.2333838167251088e-05
MLP,mlp,0.005,15000,Tanh(),5,3,1970,mlp_n_5_b_3_seed_1970,8.002202775969636e-06,0.1568431705236435,81,111.77953481674194,experimentos_pinn/modelos_salvos/modelo_mlp_n_5_b_3_seed_1970.pth,experimentos_pinn/historicos_loss/loss_mlp_n_5_b_3_seed_1970.json,7.55723749534809e-06,7.587230338685913e-06
MLP,mlp,0.005,15000,Tanh(),5,3,1994,mlp_n_5_b_3_seed_1994,8.216754395107273e-06,0.16104836761951447,81,100.05372619628906,experimentos_pinn/modelos_salvos/modelo_mlp_n_5_b_3_seed_1994.pth,experimentos_pinn/historicos_loss/loss_mlp_n_5_b_3_seed_1994.json,7.967410965648014e-06,7.994867364686798e-06
MLP,mlp,0.005,15000,Tanh(),5,3,2002,mlp_n_5_b_3_seed_2002,8.15983639768092e-06,0.15993283689022064,81,109.24506783485413,experimentos_pinn/modelos_salvos/modelo_mlp_n_5_b_3_seed_2002.pth,experimentos_pinn/historicos_loss/loss_mlp_n_5_b_3_seed_2002.json,7.891772838775069e-06,7.926811804281897e-06
MLP,mlp,0.005,15000,Tanh(),5,3,1900,mlp_n_5_b_3_seed_1900,7.228336471598595e-06,0.14167539775371552,81,94.77262258529663,experimentos_pinn/modelos_salvos/modelo_mlp_n_5_b_3_seed_1900.pth,experimentos_pinn/historicos_loss/loss_mlp_n_5_b_3_seed_1900.json,8.569134479330387e-06,8.626772278148564e-06
MLP,mlp,0.005,15000,Tanh(),5,3,1905,mlp_n_5_b_3_seed_1905,6.651200692431303e-06,0.13036352396011353,81,96.25890278816223,experimentos_pinn/modelos_salvos/modelo_mlp_n_5_b_3_seed_1905.pth,experimentos_pinn/historicos_loss/loss_mlp_n_5_b_3_seed_1905.json,3.906153779098531e-06,3.936904226975457e-06
MLP,mlp,0.005,15000,Tanh(),5,3,1924,mlp_n_5_b_3_seed_1924,8.987611181510147e-06,0.1761571615934372,81,109.00542783737183,experimentos_pinn/modelos_salvos/modelo_mlp_n_5_b_3_seed_1924.pth,experimentos_pinn/historicos_loss/loss_mlp_n_5_b_3_seed_1924.json,9.388801117893308e-06,9.472753754380392e-06
MLP,mlp,0.005,15000,Tanh(),5,3,1925,mlp_n_5_b_3_seed_1925,9.909062100632582e-06,0.19421763718128204,81,107.00735116004944,experimentos_pinn/modelos_salvos/modelo_mlp_n_5_b_3_seed_1925.pth,experimentos_pinn/historicos_loss/loss_mlp_n_5_b_3_seed_1925.json,1.2002779840258881e-05,1.5558212071482556e-05
MLP,mlp,0.005,15000,Tanh(),5,3,1926,mlp_n_5_b_3_seed_1926,7.615499271196313e-06,0.14926379919052124,81,103.11239743232727,experimentos_pinn/modelos_salvos/modelo_mlp_n_5_b_3_seed_1926.pth,experimentos_pinn/historicos_loss/loss_mlp_n_5_b_3_seed_1926.json,8.100233571894933e-06,8.199162748496746e-06
